form	lemma	POS	morph
		
༄༅། །		PUNCT
ཆོས་རྗེ་	ཆོས་རྗེ་	NOUN
དྭགས་པོ་	དྭགས་པོ་	OTHER
ལྷ་རྗེ་	ལྷ་རྗེ་	NOUN
འི་	གི་	PART
གསུང་	གསུང་	VERB
།		PUNCT
ཕྱག་རྒྱ་	ཕྱག་རྒྱ་	NOUN
ཆེན་པོ་	ཆེན་པོ་	ADJ
བསམ་	བསམ་	NOUN
གྱིས་	གིས་	PART
མི་	མི་	PART
ཁྱབ་པ་	ཁྱབ་པ་	VERB
འི་	གི་	PART
སྒོམ་རིམ་	སྒོམ་རིམ་	PROPN
བཞུགས་	བཞུགས་	VERB
སོ་	གོ་	PART
"། །

༄༅། །"		PUNCT
རྗེ་	རྗེ་	NO_POS
གྲུབ་ཐོབ་	གྲུབ་ཐོབ་	NOUN
རྣམས་	རྣམས་	DET
ལ་	ལ་	PART
ཕྱག་	ཕྱག་	NOUN
འཚལ་	འཚལ་	VERB
ལོ་	གོ་	PART
། །		PUNCT
བྱང་ཆུབ་	བྱང་ཆུབ་	NOUN
སེམས་དཔའ་	སེམས་དཔའ་	NOUN
ཕྱག་	ཕྱག་	NOUN
ན་	ལ་	PART
རྡོ་རྗེ་	རྡོ་རྗེ་	NOUN
ས་	གིས་	PART
།		PUNCT
ཕྱི་	ཕྱི་	NOUN
ནང་	ནང་	NOUN
གི་	གི་	PART
ཆོ་	ཆོ་	NOUN
ཐམས་ཅད་	ཐམས་ཅད་	DET
རང་བཞིན་	རང་བཞིན་	NOUN
བསམ་	བསམ་	NOUN
གྱིས་	གིས་	PART
མི་	མི་	PART
ཁྱབ་པ་	ཁྱབ་པ་	VERB
དང་	དང་	NO_POS
།		PUNCT
ཐབས་	ཐབས་	NOUN
བསམ་	བསམ་	NOUN
གྱིས་	གིས་	PART
མི་	མི་	PART
ཁྱབ་པ་	ཁྱབ་པ་	VERB
དང་	དང་	NO_POS
།		PUNCT
སྤྱོད་ལམ་	སྤྱོད་ལམ་	NOUN
བསམ་	བསམ་	NOUN
གྱིས་	གིས་	PART
མི་	མི་	PART
ཁྱབ་པ་	ཁྱབ་པ་	VERB
དང་	དང་	NO_POS
།		PUNCT
ཆོ་	ཆོ་	NOUN
ཐམས་ཅད་	ཐམས་ཅད་	DET
འདུས་པ་	འདུས་པ་	VERB
འི་	གི་	PART
ཚུལ་	ཚུལ་	NOUN
བསམ་	བསམ་	NOUN
གྱིས་	གིས་	PART
མི་	མི་	PART
ཁྱབ་པ་	ཁྱབ་པ་	VERB
དང་	དང་	NO_POS
།		PUNCT
ས་	ས་	ADP
ནོན་པ་	ནོན་པ་	VERB
འི་	གི་	PART
རིམ་པ་	རིམ་པ་	NOUN
ལམ་	གམ་	PART
འབྲས་བུ་	འབྲས་བུ་	NOUN
དང་	དང་	NO_POS
བཅས་པ་	བཅས་པ་	VERB
བསམ་	བསམ་	NOUN
གྱིས་	གིས་	PART
མི་	མི་	PART
ཁྱབ་པ་	ཁྱབ་པ་	VERB
འོ་	གོ་	PART
། །		PUNCT
རང་བཞིན་	རང་བཞིན་	NOUN
བསམ་	བསམ་	NOUN
གྱིས་	གིས་	PART
མི་	མི་	PART
ཁྱབ་པ་	ཁྱབ་པ་	VERB
ལ་	ལ་	PART
གསུམ་	གསུམ་	NUM
སྟེ་	སྟེ་	PART
།		PUNCT
ངོ་བོ་	ངོ་བོ་	NOUN
དང་	དང་	NO_POS
།		PUNCT
དབྱེ་བ་	དབྱེ་བ་	VERB
དང་	དང་	NO_POS
།		PUNCT
ཁྱད་པར་	ཁྱད་པར་	NOUN
རྟེན་	རྟེན་	NOUN
དུ་	ལ་	PART
སྣང་བ་	སྣང་བ་	VERB
འོ་	གོ་	PART
། །		PUNCT
ངོ་བོ་	ངོ་བོ་	NOUN
ནི་	ནི་	NO_POS
བདེ་བ་	བདེ་བ་	VERB
།		PUNCT
གསལ་བ་	གསལ་བ་	VERB
སྟོང་པ་	སྟོང་པ་	VERB
དབྱེ་	དབྱེ་	VERB
ར་	ལ་	PART
མེད་པ་	མེད་པ་	VERB
འོ་	གོ་	PART
། །		PUNCT
དེ་	སྟེ་	PART
ལ་	ལ་	PART
སློབ་དཔོན་	སློབ་དཔོན་	NOUN
བཞི་	བཞི་	NUM
སྟེ་	སྟེ་	PART
།		PUNCT
བདེ་བ་	བདེ་བ་	VERB
འི་	གི་	PART
སློབ་དཔོན་	སློབ་དཔོན་	NOUN
ནི་	ནི་	NO_POS
།		PUNCT
སྣང་བ་	སྣང་བ་	VERB
དཀར་དམར་	དཀར་དམར་	OTHER
ཡིན་པ་	ཡིན་པ་	AUX
ས་	གིས་	PART
མི་	མི་	PART
དགག་	དགག་	VERB
།		PUNCT
གསལ་བ་	གསལ་བ་	VERB
འི་	གི་	PART
སློབ་དཔོན་	སློབ་དཔོན་	NOUN
ནི་	ནི་	NO_POS
།		PUNCT
ཚོགས་	ཚོགས་	NOUN
དྲུག་	དྲུག་	NUM
ལྷུག་པ་	ལྷུག་པ་	NO_POS
ཡིན་པ་	ཡིན་པ་	AUX
ས་	གིས་	PART
དུས་	དུས་	NOUN
རྟག་	རྟག་	VERB
ཏུ་	ལ་	PART
ཚོགས་	ཚོགས་	NOUN
དྲུག་	དྲུག་	NUM
ལྷུག་པ་	ལྷུག་པ་	NO_POS
ར་	ལ་	PART
བཞག་	བཞག་	VERB
།		PUNCT
སྟོང་པ་	སྟོང་པ་	VERB
འི་	གི་	PART
སློབ་དཔོན་	སློབ་དཔོན་	NOUN
ནི་	ནི་	NO_POS
།		PUNCT
རང་བཞིན་	རང་བཞིན་	NOUN
མེད་པ་	མེད་པ་	VERB
འི་	གི་	PART
རང་བཞིན་	རང་བཞིན་	NOUN
གྱིས་	གིས་	PART
། །		PUNCT
ཤེས་རབ་	ཤེས་རབ་	NOUN
འཆར་བ་	འཆར་བ་	VERB
ཡང་དག་	ཡང་དག་	ADJ
གནས་	གནས་	NOUN
། །		PUNCT
ཐབས་	ཐབས་	NOUN
ཀྱི་	གི་	PART
ཆ་	ཆ་	NOUN
ར་	ལ་	PART
ནི་	ནི་	NO_POS
བསྐྱེད་པ་པོ་	བསྐྱེད་པ་པོ་	VERB
། །		PUNCT
བཟང་པོ་	བཟང་པོ་	ADJ
ཞབས་	ཞབས་	NOUN
ཀྱི་	གི་	PART
ལུགས་	ལུགས་	NOUN
༼		PUNCT
		
ན་	ལ་	PART
༽		PUNCT
ཡིན་	ཡིན་	NO_POS
ནོ་	གོ་	PART
། །		PUNCT
སྣང་བ་	སྣང་བ་	VERB
ཐུག་	ཐུག་	VERB
ཕྲད་	ཕྲད་	VERB
ཡིན་པ་	ཡིན་པ་	AUX
ས་	གིས་	PART
སྤྱོད་ལམ་	སྤྱོད་ལམ་	NOUN
རྣམ་	རྣམ་	NOUN
བཞི་	བཞི་	NUM
ཐུགས་	ཐུགས་	NOUN
ཕྲད་	ཕྲད་	VERB
དུ་	ལ་	PART
བྱ་	བྱ་	VERB
།		PUNCT
དབྱེ་	དབྱེ་	VERB
ར་	ལ་	PART
མེད་	མེད་	VERB
ཀྱི་	གི་	PART
སློབ་དཔོན་	སློབ་དཔོན་	NOUN
ནི་	ནི་	NO_POS
།		PUNCT
སྣང་བ་	སྣང་བ་	VERB
ཐུག་	ཐུག་	VERB
ཕྲད་	ཕྲད་	VERB
ཡིན་པ་	ཡིན་པ་	AUX
ས་	གིས་	PART
ཤེས་པ་	ཤེས་པ་	VERB
གཉུག་	གཉུག་	NO_POS
མ་མ་	མ་མ་	NOUN
བཅོས་པ་	བཅོས་པ་	VERB
ར་	ལ་	PART
བཞག་	བཞག་	VERB
གོ་	གོ་	PART
།		PUNCT
གཉིས་པ་	གཉིས་པ་	NUM
དབྱེ་བ་	དབྱེ་བ་	VERB
ལ་	ལ་	PART
།		PUNCT
མ་	མ་	PART
དག་པ་	དག་པ་	VERB
འི་	གི་	PART
བསྐྱེད་རྫོགས་	བསྐྱེད་རྫོགས་	NOUN
གཉིས་	གཉིས་	NUM
སོ་	གོ་	PART
། །		PUNCT
དག་པ་	དག་པ་	VERB
བདེ་བ་	བདེ་བ་	VERB
སྟོང་པ་ཉིད་	སྟོང་པ་ཉིད་	NOUN
ཀྱིས་	གིས་	PART
མིན་	མིན་	AUX
། །		PUNCT
གཉིས་	གཉིས་	NUM
སུ་	ལ་	PART
མེད་པ་	མེད་པ་	VERB
དེ་	སྟེ་	PART
བརྗོད་པ་	བརྗོད་པ་	VERB
དང་	དང་	NO_POS
།		PUNCT
ཁྱད་པར་	ཁྱད་པར་	NOUN
རྟེན་	རྟེན་	NOUN
དུ་	ལ་	PART
སྣང་བ་	སྣང་བ་	VERB
ནི་	ནི་	NO_POS
།		PUNCT
མ་	མ་	PART
སྐྱེས་པ་	སྐྱེས་པ་	VERB
དང་	དང་	NO_POS
མ་	མ་	PART
འགགས་པ་	འགགས་པ་	VERB
།		PUNCT
འགྱུར་བ་	འགྱུར་བ་	VERB
མེད་པ་	མེད་པ་	VERB
།		PUNCT
ཕྱག་རྒྱ་	ཕྱག་རྒྱ་	NOUN
ཆེན་པོ་	ཆེན་པོ་	ADJ
ཁྱད་པར་གནས་	ཁྱད་པར་གནས་	NO_POS
། །		PUNCT
ཐབས་	ཐབས་	NOUN
བསམ་	བསམ་	NOUN
གྱིས་	གིས་	PART
མི་	མི་	PART
ཁྱབ་པ་	ཁྱབ་པ་	VERB
ནི་	ནི་	NO_POS
།		PUNCT
ཅུང་ཟད་	ཅུང་ཟད་	ADV
ཀྱང་	ཀྱང་	PART
ནི་	ནི་	NO_POS
བསྒོམ་	བསྒོམ་	VERB
མི་	མི་	PART
བྱ་	བྱ་	VERB
། །		PUNCT
གང་	གང་	NO_POS
ཕྱི་	ཕྱི་	OTHER
བསམ་	བསམ་	NOUN
མེད་	མེད་	VERB
ཆོ་	ཆོ་	NOUN
འདི་	འདི་	DET
ནི་	ནི་	NO_POS
། །		PUNCT
ཤིན་ཏུ་	ཤིན་ཏུ་	NO_POS
ཆེ་	ཆེ་	VERB
དག་	དག་	DET
དྲི་མ་	དྲི་མ་	NOUN
མེད་	མེད་	VERB
། །		PUNCT
རྟོགས་པ་	རྟོགས་པ་	VERB
ས་	གིས་	PART
བསགས་པ་	བསགས་པ་	VERB
འི་	གི་	PART
བག་ཆགས་	བག་ཆགས་	NOUN
ནི་	ནི་	NO_POS
། །		PUNCT
གཉིས་	གཉིས་	NUM
མེད་	མེད་	VERB
མཆོག་	མཆོག་	ADJ
ནི་	ནི་	NO_POS
བསྒོམ་	བསྒོམ་	VERB
མི་	མི་	PART
བྱ་	བྱ་	VERB
། །		PUNCT
བག་ཆགས་	བག་ཆགས་	NOUN
ཟད་པ་		
བྱ་བ་	བྱ་བ་	VERB
སྟེ་	སྟེ་	PART
། །		PUNCT
བདེ་བ་	བདེ་བ་	VERB
ཆེན་པོ་	ཆེན་པོ་	ADJ
རྟག་	རྟག་	VERB
ཏུ་	ལ་	PART
ཤ་	ཤ་	VERB
། །		PUNCT
གཞན་	གཞན་	DET
དུ་	ལ་	PART
ངག་	ངག་	NOUN
གི་	གི་	PART
ལམ་	གམ་	PART
འདའ་	འདའ་	VERB
ཕྱི་	ཕྱི་	OTHER
། །		PUNCT
སྨྲ་བ་	སྨྲ་བ་	VERB
ཉིད་	ཉིད་	DET
དུ་	ལ་	PART
སུ་	སུ་	ADP
ས་	གིས་	PART
མི་	མི་	PART
ནུས་	ནུས་	VERB
། །		PUNCT
བག་ཆགས་	བག་ཆགས་	NOUN
ཟད་པ་		
གྱུར་པ་	གྱུར་པ་	VERB
ནི་	ནི་	NO_POS
། །		PUNCT
གཉིས་	གཉིས་	NUM
སུ་	ལ་	PART
མེད་པ་	མེད་པ་	VERB
འི་	གི་	PART
སངས་རྒྱས་	སངས་རྒྱས་	NOUN
བརྗོད་	བརྗོད་	VERB
། །		PUNCT
བག་ཆགས་	བག་ཆགས་	NOUN
ཟད་པ་	ཟད་པ་	VERB
འི་	གི་	PART
གནས་སྐབས་	གནས་སྐབས་	NOUN
༼		PUNCT
		
བ་	པ་	PART
༽		PUNCT
ན་	ལ་	PART
།		PUNCT
སྐྱེས་བུ་	སྐྱེས་བུ་	NOUN
ཐ་མ་	ཐ་མ་	ADJ
འབྲིང་པོ་	འབྲིང་པོ་	ADJ
དག་	དག་	DET
།		PUNCT
གང་ཕྱོགས་	གང་ཕྱོགས་	NO_POS
འདི་	འདི་	DET
ཡོད་	ཡོད་	VERB
མིན་པ་	མིན་པ་	VERB
དེ་	སྟེ་	PART
། །		PUNCT
གཉིས་	གཉིས་	NUM
མེད་	མེད་	VERB
ཅེས་	ཅེས་	PART
བྱ་	བྱ་	VERB
མིང་ཙམ་	མིང་ཙམ་	NO_POS
སྟེ་	སྟེ་	PART
། །		PUNCT
དེ་	སྟེ་	PART
ལ་	ལ་	PART
མིང་	མིང་	NOUN
ནི་	ནི་	NO_POS
ཡོད་	ཡོད་	VERB
མ་	མ་	PART
ཡིན་	ཡིན་	NO_POS
། །		PUNCT
སྟོན་པ་	སྟོན་པ་	NOUN
ས་	གིས་	PART
ངག་	ངག་	NOUN
གི་	གི་	PART
སྦྱོར་བ་	སྦྱོར་བ་	VERB
ཡི་	གིས་	PART
། །		PUNCT
སངས་རྒྱས་	སངས་རྒྱས་	NOUN
དང་	དང་	NO_POS
ནི་	ནི་	NO_POS
གཉིས་	གཉིས་	NUM
མེད་	མེད་	VERB
བརྟགས་	བརྟགས་	VERB
། །		PUNCT
དེ་	སྟེ་	PART
ནི་	ནི་	NO_POS
སངས་རྒྱས་	སངས་རྒྱས་	NOUN
བརྗོད་པ་	བརྗོད་པ་	VERB
ར་	ལ་	PART
བྱ་	བྱ་	VERB
། །		PUNCT
དུག་	དུག་	NOUN
ལྔ་	ལྔ་	NUM
རོ་	རོ་	NOUN
སྙོམས་	སྙོམས་	VERB
སུ་	ལ་	PART
འགྱུར་པ་	འགྱུར་པ་	VERB
འི་	གི་	PART
ཐབས་	ཐབས་	NOUN
།		PUNCT
ཞེ་སྡང་	ཞེ་སྡང་	NOUN
ལ་སོགས་པ་	ལ་སོགས་པ་	NO_POS
སྐྱེས་པ་	སྐྱེས་པ་	VERB
འི་	གི་	PART
དུས་	དུས་	NOUN
སུ་	ལ་	PART
དེ་	སྟེ་	PART
རང་	རང་	PRON
ལ་	ལ་	PART
བལྟ་	བལྟ་	VERB
འོ་	གོ་	PART
། །		PUNCT
སྣང་བ་	སྣང་བ་	VERB
གྲོག་	གྲོག་	NOUN
སུ་	ལ་	PART
འགྱུར་བ་	འགྱུར་བ་	VERB
འི་	གི་	PART
ཐབས་	ཐབས་	NOUN
ནི་	ནི་	NO_POS
།		PUNCT
གང་	གང་	NO_POS
སྣང་	སྣང་	VERB
གི་	གི་	PART
ངོ་བོ་	ངོ་བོ་	NOUN
ལ་	ལ་	PART
བལྟ་	བལྟ་	VERB
འོ་	གོ་	PART
། །		PUNCT
ཤེས་པ་	ཤེས་པ་	VERB
རྩལ་	རྩལ་	NOUN
སྦྱོང་བ་	སྦྱོང་བ་	VERB
འི་	གི་	PART
དུས་	དུས་	NOUN
སུ་	ལ་	PART
སྣང་བ་	སྣང་བ་	VERB
སྐྱེ་	སྐྱེ་	NOUN
མེད་	མེད་	VERB
ཀྱིས་	གིས་	PART
རྒྱ་	རྒྱ་	VERB
གདབ་པ་	གདབ་པ་	VERB
དང་	དང་	NO_POS
།		PUNCT
འབད་པ་	འབད་པ་	VERB
མེད་པ་	མེད་པ་	VERB
སྐུ་ལྔ་	སྐུ་ལྔ་	OTHER
རང་	རང་	PRON
རྫོགས་	རྫོགས་	VERB
སུ་	ལ་	PART
འགྱུར་བ་	འགྱུར་བ་	VERB
འི་	གི་	PART
ཐབས་	ཐབས་	NOUN
ནི་	ནི་	NO_POS
།		PUNCT
ལུས་	ལུས་	NOUN
མ་བཅོས་པ་	མ་བཅོས་པ་	NO_POS
།		PUNCT
ངག་	ངག་	NOUN
ཡན་པ་	ཡན་པ་	NO_POS
།		PUNCT
སེམས་རྟེན་	སེམས་རྟེན་	NO_POS
མི་	མི་	PART
བཅའ་བ་	བཅའ་བ་	VERB
ཤེས་པ་	ཤེས་པ་	VERB
གཉུག་	གཉུག་	NO_POS
མ་	མ་	NOUN
བཞག་	བཞག་	VERB
གོ་	གོ་	PART
།		PUNCT
སྤྱོད་ལམ་	སྤྱོད་ལམ་	NOUN
བསམ་	བསམ་	NOUN
གྱིས་	གིས་	PART
མི་	མི་	PART
ཁྱབ་པ་	ཁྱབ་པ་	VERB
ནི་	ནི་	NO_POS
།		PUNCT
སྣང་བ་	སྣང་བ་	VERB
ཡེ་ཤེས་	ཡེ་ཤེས་	NOUN
ཉམས་	ཉམས་	NOUN
སུ་	ལ་	PART
མྱོང་བ་	མྱོང་བ་	VERB
འི་	གི་	PART
དུས་	དུས་	NOUN
སུ་	ལ་	PART
ཡིད་	ཡིད་	NOUN
ལ་མ་	ལ་མ་	NO_POS
བྱས་པ་	བྱས་པ་	VERB
ས་	གིས་	PART
སྟོང་པ་	སྟོང་པ་	VERB
ར་	ལ་	PART
རོ་	རོ་	NOUN
མཉམ་	མཉམ་	VERB
།		PUNCT
སྟོང་པ་	སྟོང་པ་	VERB
ཡིད་	ཡིད་	NOUN
ལ་མ་	ལ་མ་	NO_POS
བྱས་པ་	བྱས་པ་	VERB
ས་	གིས་	PART
སྟོང་པ་	སྟོང་པ་	VERB
ར་	ལ་	PART
རོ་	རོ་	NOUN
མཉམ་	མཉམ་	VERB
།		PUNCT
སྟོང་པ་	སྟོང་པ་	VERB
ཡེ་ཤེས་	ཡེ་ཤེས་	NOUN
ཉམས་	ཉམས་	NOUN
སུ་	ལ་	PART
མྱོང་བ་	མྱོང་བ་	VERB
འི་	གི་	PART
དུས་	དུས་	NOUN
སུ་	ལ་	PART
ཡིད་	ཡིད་	NOUN
ལ་མ་	ལ་མ་	NO_POS
བྱས་པ་	བྱས་པ་	VERB
ས་	གིས་	PART
ལྷན་ཅིག་	ལྷན་ཅིག་	OTHER
སྐྱེས་པ་	སྐྱེས་པ་	VERB
ར་	ལ་	PART
རོ་	རོ་	NOUN
མཉམ་	མཉམ་	VERB
།		PUNCT
སྣང་གྲག་	སྣང་གྲག་	PROPN
བསམ་	བསམ་	NOUN
གྱིས་	གིས་	PART
མི་	མི་	PART
ཁྱབ་པ་	ཁྱབ་པ་	VERB
ར་	ལ་	PART
ཉམས་	ཉམས་	NOUN
སུ་	ལ་	PART
མྱོང་བ་	མྱོང་བ་	VERB
འི་	གི་	PART
དུས་	དུས་	NOUN
སུ་	ལ་	PART
ཡིད་	ཡིད་	NOUN
ལ་མ་	ལ་མ་	NO_POS
བྱས་པ་	བྱས་པ་	VERB
ས་	གིས་	PART
དགག་	དགག་	VERB
བསྒྲུབ་	བསྒྲུབ་	VERB
མེད་པ་	མེད་པ་	VERB
ར་	ལ་	PART
རོ་	རོ་	NOUN
མཉམ་	མཉམ་	VERB
།		PUNCT
རྟེན་	རྟེན་	NOUN
ཉམས་	ཉམས་	NOUN
ན་	ལ་	PART
།		PUNCT
བརྟེན་པ་	བརྟེན་པ་	VERB
ཉམས་པ་	ཉམས་པ་	VERB
ས་	གིས་	PART
འཛིན་པ་	འཛིན་པ་	VERB
དང་ཞེན་པ་	དང་ཞེན་པ་	NO_POS
ཡིད་	ཡིད་	NOUN
ལ་	ལ་	PART
མི་	མི་	PART
བྱ་	བྱ་	VERB
འོ་	གོ་	PART
། །		PUNCT
འདོད་ཆགས་	འདོད་ཆགས་	NOUN
སྐྱེས་པ་	སྐྱེས་པ་	VERB
འི་	གི་	PART
དུས་	དུས་	NOUN
སུ་	ལ་	PART
རོ་	རོ་	NOUN
གཅིག་པ་	གཅིག་པ་	ADJ
འི་	གི་	PART
ཕྱི་	ཕྱི་	OTHER
བདེ་བ་	བདེ་བ་	VERB
ར་	ལ་	PART
རོ་	རོ་	NOUN
མཉམ་	མཉམ་	VERB
།		PUNCT
ཞེ་སྡང་	ཞེ་སྡང་	NOUN
སྐྱེས་པ་	སྐྱེས་པ་	VERB
འི་	གི་	PART
དུས་	དུས་	NOUN
སུ་	ལ་	PART
སྟོང་པ་	སྟོང་པ་	VERB
ར་	ལ་	PART
རོ་	རོ་	NOUN
མཉམ་	མཉམ་	VERB
།		PUNCT
བཏང་སྙོམས་	བཏང་སྙོམས་	NOUN
སྐྱེས་པ་	སྐྱེས་པ་	VERB
འི་	གི་	PART
དུས་	དུས་	NOUN
སུ་	ལ་	PART
གཉིས་	གཉིས་	NUM
མེད་	མེད་	VERB
དུ་	ལ་	PART
རོ་	རོ་	NOUN
མཉམ་	མཉམ་	VERB
མོ་	གོ་	PART
། །		PUNCT
ཆོ་	ཆོ་	NOUN
ཐམས་ཅད་	ཐམས་ཅད་	DET
འདུས་པ་	འདུས་པ་	VERB
འི་	གི་	PART
བསམ་	བསམ་	NOUN
གྱིས་	གིས་	PART
མི་	མི་	PART
ཁྱབ་པ་	ཁྱབ་པ་	VERB
ནི་	ནི་	NO_POS
།		PUNCT
སྣང་བ་	སྣང་བ་	VERB
ལ་	ལ་	PART
ཞེན་པ་	ཞེན་པ་	VERB
མེད་པ་	མེད་པ་	VERB
།		PUNCT
གསལ་	གསལ་	VERB
ལ་	ལ་	PART
རྟོག་པ་	རྟོག་པ་	VERB
མེད་པ་	མེད་པ་	VERB
།		PUNCT
སྣ་ཚོགས་	སྣ་ཚོགས་	DET
སྟོང་པ་	སྟོང་པ་	VERB
ར་	ལ་	PART
རྟོགས་པ་	རྟོགས་པ་	VERB
།		PUNCT
བདེ་བ་	བདེ་བ་	VERB
ཡིད་	ཡིད་	NOUN
ལ་	ལ་	PART
མི་	མི་	PART
བྱེད་པ་	བྱེད་པ་	VERB
འོ་	གོ་	PART
། །		PUNCT
ས་	ས་	ADP
ནོན་པ་	ནོན་པ་	VERB
འི་	གི་	PART
རིམ་པ་	རིམ་པ་	NOUN
ནི་	ནི་	NO_POS
།		PUNCT
དབང་	དབང་	NOUN
གི་	གི་	PART
སྒོ་	སྒོ་	NOUN
ན་	ནས་	PART
སྟོན་	སྟོན་	VERB
ཏེ་	སྟེ་	PART
།		PUNCT
བུམ་པ་	བུམ་པ་	NOUN
ས་	གིས་	PART
།		PUNCT
ཀུན་བརྟགས་	ཀུན་བརྟགས་	NO_POS
ཕུང་པོ་	ཕུང་པོ་	NOUN
ལྔ་	ལྔ་	NUM
ལ་	ལ་	PART
གཞན་དབང་	གཞན་དབང་	NO_POS
རིགས་	རིགས་	NOUN
༼		PUNCT
		
ན་	ལ་	PART
༽		PUNCT
ལྔ་	ལྔ་	NUM
ས་	གིས་	PART
རྒྱས་བཏབ་པ་	རྒྱས་བཏབ་པ་	NO_POS
ས་	གིས་	PART
།		PUNCT
ཕྱི་	ཕྱི་	NOUN
གཟུང་བ་	གཟུང་བ་	VERB
འི་	གི་	PART
རྟོག་པ་	རྟོག་པ་	VERB
འགག་	འགག་	VERB
ས་	གིས་	PART
ཏེ་	སྟེ་	PART
།		PUNCT
ཚོགས་ལམ་	ཚོགས་ལམ་	NOUN
ས་	ས་	ADP
བརྒྱད་པ་	བརྒྱད་པ་	NUM
འོ་	གོ་	PART
། །		PUNCT
གསང་བ་	གསང་བ་	VERB
ས་	གིས་	PART
།		PUNCT
ཅིར་	ཅིར་	NO_POS
སྣང་	སྣང་	VERB
སེམས་	སེམས་	NOUN
སུ་	ལ་	PART
གོ་བ་	གོ་བ་	VERB
ས་	གིས་	PART
ནང་	ནང་	NOUN
འཛིན་པ་	འཛིན་པ་	VERB
འི་	གི་	PART
རྟོག་པ་	རྟོག་པ་	VERB
འགག་	འགག་	VERB
ས་	གིས་	PART
ཏེ་	སྟེ་	PART
སྦྱོར་ལམ་	སྦྱོར་ལམ་	NOUN
ས་བཅུ་	ས་བཅུ་	NO_POS
གསུམ་པ་	གསུམ་པ་	NUM
འོ་	གོ་	PART
། །		PUNCT
སྟོང་པ་	སྟོང་པ་	VERB
ས་	གིས་	PART
རྒྱས་བཏབ་པ་	རྒྱས་བཏབ་པ་	NO_POS
ས་	གིས་	PART
གཟུང་འཛིན་	གཟུང་འཛིན་	NOUN
གཉིས་ཀ་	གཉིས་ཀ་	OTHER
ས་	གིས་	PART
སྟོང་པ་	སྟོང་པ་	VERB
ས་	གིས་	PART
མཐོང་ལམ་	མཐོང་ལམ་	NOUN
ས་བཅུ་	ས་བཅུ་	NO_POS
བཞི་པ་	བཞི་པ་	ADJ
འོ་	གོ་	PART
། །		PUNCT
བདེ་བ་	བདེ་བ་	VERB
ཆེན་པོ་	ཆེན་པོ་	ADJ
འི་	གི་	PART
རྒྱས་བཏབ་པ་	རྒྱས་བཏབ་པ་	NO_POS
ས་	གིས་	PART
ས་བཅུ་	ས་བཅུ་	NO_POS
གཉིས་པ་	གཉིས་པ་	NUM
།		PUNCT
བདེ་བ་	བདེ་བ་	VERB
ཆེན་པོ་	ཆེན་པོ་	ADJ
བཅུ་གསུམ་	བཅུ་གསུམ་	NO_POS
།		PUNCT
དབྱེ་	དབྱེ་	VERB
ར་	ལ་	PART
མེད་པ་	མེད་པ་	VERB
ས་བཅུ་	ས་བཅུ་	NO_POS
བཞི་པ་	བཞི་པ་	ADJ
མཐ་	མཐའ་	NOUN
ར་	ལ་	PART
ཕྱིན་པ་	ཕྱིན་པ་	VERB
འི་	གི་	PART
ལམ་	གམ་	PART
མོ་	གོ་	PART
། །		PUNCT
བྱང་ཆུབ་	བྱང་ཆུབ་	NOUN
སེམས་དཔའ་	སེམས་དཔའ་	NOUN
ཕྱག་	ཕྱག་	NOUN
ན་	ལ་	PART
རྡོ་རྗེ་	རྡོ་རྗེ་	NOUN
ས་	གིས་	PART
།		PUNCT
ཆོ་	ཆོ་	NOUN
ཀྱི་	གི་	PART
བེ་	བེ་	NO_POS
ལ་	ལ་	PART
གདམས་	གདམས་	NOUN
སོ་	གོ་	PART
། །		PUNCT
སློབ་དཔོན་	སློབ་དཔོན་	NOUN
ཆོ་	ཆོ་	NOUN
ཀྱི་	གི་	PART
བེས་		NON_WORD
ཉམས་	ཉམས་	NOUN
སུ་	ལ་	PART
བླངས་པ་	བླངས་པ་	VERB
འི་	གི་	PART
དུས་	དུས་	NOUN
སུ་	ལ་	PART
རྟོག་པ་	རྟོག་པ་	VERB
འདི་ལྟར་	འདི་ལྟར་	NO_POS
སྐྱེ་	སྐྱེ་	VERB
ཏེ་	སྟེ་	PART
།		PUNCT
རང་བཞིན་	རང་བཞིན་	NOUN
བསམ་	བསམ་	NOUN
གྱིས་	གིས་	PART
མི་	མི་	PART
ཁྱབ་པ་	ཁྱབ་པ་	VERB
ལ་	ལ་	PART
གསུམ་	གསུམ་	NUM
སྟེ་	སྟེ་	PART
།		PUNCT
ངོ་བོ་	ངོ་བོ་	NOUN
།		PUNCT
དབྱེ་བ་	དབྱེ་བ་	VERB
།		PUNCT
ཁྱད་པར་	ཁྱད་པར་	NOUN
རྟེན་	རྟེན་	NOUN
དུ་	ལ་	PART
སྣང་བ་	སྣང་བ་	VERB
འོ་	གོ་	PART
། །		PUNCT
ངོ་བོ་	ངོ་བོ་	NOUN
ནི་	ནི་	NO_POS
།		PUNCT
ཆོས་དབྱིངས་	ཆོས་དབྱིངས་	NOUN
སྤྲོས་པ་	སྤྲོས་པ་	VERB
དང་	དང་	NO_POS
བྲལ་བ་	བྲལ་བ་	VERB
།		PUNCT
རྐྱེན་	རྐྱེན་	NOUN
གྱིས་	གིས་	PART
མ་	མ་	PART
བསླད་པ་	བསླད་པ་	VERB
།		PUNCT
ཤེས་པ་	ཤེས་པ་	VERB
གཉུག་	གཉུག་	NO_POS
མ་	མ་	PART
བསམ་	བསམ་	NOUN
དུ་	ལ་	PART
མེད་	མེད་	VERB
ཅིང་	ཅིང་	PART
བསམ་	བསམ་	NOUN
གྱིས་	གིས་	PART
མི་	མི་	PART
ཁྱབ་པ་	ཁྱབ་པ་	VERB
།		PUNCT
འབད་པ་	འབད་པ་	VERB
མེད་པ་	མེད་པ་	VERB
།		PUNCT
སྐུ་ལྔ་	སྐུ་ལྔ་	OTHER
ལྷུན་	ལྷུན་	NOUN
གྱིས་	གིས་	PART
གྲུབ་པ་	གྲུབ་པ་	VERB
།		PUNCT
མཚན་ཉིད་	མཚན་ཉིད་	NOUN
རབ་ཏུ་	རབ་ཏུ་	NO_POS
མི་	མི་	PART
གནས་པ་	གནས་པ་	VERB
།		PUNCT
རིག་པ་	རིག་པ་	VERB
འི་	གི་	PART
ཡེ་ཤེས་	ཡེ་ཤེས་	NOUN
ཀྱིས་	གིས་	PART
རྟོགས་པ་	རྟོགས་པ་	VERB
ས་	གིས་	PART
།		PUNCT
ཞེ་འདོད་	ཞེ་འདོད་	NO_POS
སྒྲོ་སྐུར་	སྒྲོ་སྐུར་	NOUN
དང་	དང་	NO_POS
བྲལ་བ་	བྲལ་བ་	VERB
འོ་	གོ་	PART
། །		PUNCT
དབྱེ་བ་	དབྱེ་བ་	VERB
ལ་	ལ་	PART
གཉིས་	གཉིས་	NUM
ཏེ་	སྟེ་	PART
།		PUNCT
དག་པ་	དག་པ་	VERB
འི་	གི་	PART
དེ་བཞིན་ཉིད་	དེ་བཞིན་ཉིད་	NOUN
དང་	དང་	NO_POS
།		PUNCT
མ་	མ་	PART
དག་པ་	དག་པ་	VERB
འི་	གི་	PART
དེ་བཞིན་ཉིད་	དེ་བཞིན་ཉིད་	NOUN
དོ་	གོ་	PART
། །		PUNCT
སྣང་གྲག་	སྣང་གྲག་	PROPN
སྣ་ཚོགས་	སྣ་ཚོགས་	DET
སུ་	ལ་	PART
ཤར་བ་	ཤར་བ་	VERB
ནི་	ནི་	NO_POS
།		PUNCT
འཁོར་བ་	འཁོར་བ་	NOUN
འི་	གི་	PART
ཕྱོགས་	ཕྱོགས་	NOUN
ན་	ནས་	PART
མ་	མ་	PART
དག་པ་	དག་པ་	VERB
འི་	གི་	PART
དེ་བཞིན་ཉིད་	དེ་བཞིན་ཉིད་	NOUN
དོ་	གོ་	PART
། །		PUNCT
དེ་ཉིད་	དེ་ཉིད་	NOUN
རང་	རང་	PRON
སྐྱེ་	སྐྱེ་	NOUN
མེད་	མེད་	VERB
དུ་	ལ་	PART
རྟོགས་པ་	རྟོགས་པ་	VERB
ནི་	ནི་	NO_POS
དག་པ་	དག་པ་	VERB
འི་	གི་	PART
དེ་བཞིན་ཉིད་	དེ་བཞིན་ཉིད་	NOUN
དོ་	གོ་	PART
། །		PUNCT
དེ་	སྟེ་	PART
གཉིས་	གཉིས་	NUM
ཐ་	ཐ་	NOUN
མི་	མི་	PART
དད་པ་	དད་པ་	VERB
ར་	ལ་	PART
རྟོགས་པ་	རྟོགས་པ་	VERB
ནི་	ནི་	NO_POS
མི་	མི་	PART
གནས་པ་	གནས་པ་	VERB
འི་	གི་	PART
དེ་བཞིན་ཉིད་	དེ་བཞིན་ཉིད་	NOUN
དོ་	གོ་	PART
། །		PUNCT
ཁྱད་པར་	ཁྱད་པར་	NOUN
རྟེན་	རྟེན་	NOUN
དུ་	ལ་	PART
སྣང་བ་	སྣང་བ་	VERB
ལ་	ལ་	PART
ལྔ་	ལྔ་	NUM
སྟེ་	སྟེ་	PART
།		PUNCT
སྣང་གྲག་	སྣང་གྲག་	PROPN
སྣ་ཚོགས་	སྣ་ཚོགས་	DET
ལ་	ལ་	PART
ཁྱབ་པ་	ཁྱབ་པ་	VERB
ར་	ལ་	PART
གནས་པ་	གནས་པ་	VERB
།		PUNCT
སེམས་ཅན་	སེམས་ཅན་	NOUN
ཐམས་ཅད་	ཐམས་ཅད་	DET
ལ་	ལ་	PART
རང་ཆས་	རང་ཆས་	NO_POS
སུ་	ལ་	PART
བསྒྲིབས་	བསྒྲིབས་	NO_POS
ན་	ནས་	PART
གནས་པ་	གནས་པ་	VERB
།		PUNCT
སྐྱེས་པ་	སྐྱེས་པ་	VERB
དང་	དང་	NO_POS
བུད་མེད་	བུད་མེད་	NOUN
ལ་	ལ་	PART
ཁྱད་པར་	ཁྱད་པར་	NOUN
དུ་	ལ་	PART
གནས་པ་	གནས་པ་	VERB
།		PUNCT
རིན་པོ་ཆེ་	རིན་པོ་ཆེ་	ADJ
ལྟ་བུ་	ལྟ་བུ་	NOUN
འི་	གི་	PART
གང་ཟག་	གང་ཟག་	NOUN
ལ་	ལ་	PART
ནུས་པ་	ནུས་པ་	VERB
ཐོགས་པ་	ཐོགས་པ་	VERB
མེད་	མེད་	VERB
༼		PUNCT
		
བ་	པ་	PART
༽		PUNCT
པ་	པ་	OTHER
ར་	ལ་	PART
གནས་པ་	གནས་པ་	VERB
།		PUNCT
བླ་མ་	བླ་མ་	NOUN
འི་	གི་	PART
མན་ངག་	མན་ངག་	NOUN
གིས་	གིས་	PART
ཟིན་པ་	ཟིན་པ་	VERB
འི་	གི་	PART
གང་ཟག་	གང་ཟག་	NOUN
ལ་	ལ་	PART
།		PUNCT
རྟོགས་པ་	རྟོགས་པ་	VERB
ཁྱད་པར་ཅན་	ཁྱད་པར་ཅན་	ADJ
དུ་	ལ་	PART
གནས་པ་	གནས་པ་	VERB
འོ་	གོ་	PART
། །		PUNCT
ཐབས་	ཐབས་	NOUN
བསམ་	བསམ་	NOUN
གྱིས་	གིས་	PART
མི་	མི་	PART
ཁྱབ་པ་	ཁྱབ་པ་	VERB
ལ་	ལ་	PART
གསུམ་	གསུམ་	NUM
སྟེ་	སྟེ་	PART
།		PUNCT
ཉི་མ་	ཉི་མ་	NOUN
དང་	དང་	NO_POS
ཟླ་བ་	ཟླ་བ་	NOUN
བཙོན་	བཙོན་	NOUN
དུ་	ལ་	PART
བཟུང་	བཟུང་	NO_POS
ལ་	ལ་	PART
།		PUNCT
སོ་མ་	སོ་མ་	ADJ
།		PUNCT
རང་	རང་	PRON
ཐང་	ཐང་	NOUN
།		PUNCT
ལྷུག་པ་	ལྷུག་པ་	NO_POS
འོ་	གོ་	PART
། །		PUNCT
སོ་མ་	སོ་མ་	ADJ
ལ་	ལ་	PART
གསུམ་	གསུམ་	NUM
སྟེ་	སྟེ་	PART
།		PUNCT
ལུས་སེམས་	ལུས་སེམས་	NOUN
ཁོང་གློད་པ་	ཁོང་གློད་པ་	NO_POS
དང་	དང་	NO_POS
།		PUNCT
ངག་	ངག་	NOUN
རླུང་	རླུང་	NOUN
མི་	མི་	PART
བཅིང་བ་	བཅིང་བ་	VERB
ར་	ལ་	PART
རང་	རང་	PRON
དག་	དགའ་	VERB
ར་	ལ་	PART
བཞག་པ་	བཞག་པ་	VERB
དང་	དང་	NO_POS
།		PUNCT
ཤེས་པ་	ཤེས་པ་	VERB
རྟེན་	རྟེན་	NOUN
མི་	མི་	PART
བཅའ་བ་	བཅའ་བ་	VERB
འོ་	གོ་	PART
། །		PUNCT
རང་	རང་	PRON
ཐང་ལ་	ཐང་ལ་	NO_POS
ཡང་	ཀྱང་	PART
གསུམ་	གསུམ་	NUM
སྟེ་	སྟེ་	PART
།		PUNCT
ཤེས་པ་	ཤེས་པ་	VERB
རང་	རང་	PRON
དག་	དགའ་	VERB
ར་	ལ་	PART
བཏང་	བཏང་	VERB
ཡང་	ཀྱང་	PART
ཞེན་པ་	ཞེན་པ་	VERB
མེད་པ་	མེད་པ་	VERB
།		PUNCT
སྤྲོས་པ་	སྤྲོས་པ་	VERB
འི་	གི་	PART
ཡུལ་	ཡུལ་	NOUN
མཚན་མ་	མཚན་མ་	NOUN
ར་	ལ་	PART
སྣང་	སྣང་	VERB
ཡང་	ཀྱང་	PART
ཡིད་	ཡིད་	NOUN
ལ་མ་	ལ་མ་	NO_POS
བྱས་པ་	བྱས་པ་	VERB
ཆོ་	ཆོ་	NOUN
ཀྱི་	གི་	PART
སྐུ་	སྐུ་	NOUN
ཤེས་པ་	ཤེས་པ་	VERB
ར་	ལ་	PART
བྱ་	བྱ་	VERB
ལ་	ལ་	PART
།		PUNCT
དེ་	སྟེ་	PART
ལ་མ་	ལ་མ་	NO_POS
ཡེངས་པ་	ཡེངས་པ་	VERB
འོ་	གོ་	PART
། །		PUNCT
ལྷུག་པ་	ལྷུག་པ་	NO_POS
ལ་	ལ་	PART
ཡང་	ཀྱང་	PART
གསུམ་	གསུམ་	NUM
སྟེ་	སྟེ་	PART
།		PUNCT
སྤྱོད་ལམ་	སྤྱོད་ལམ་	NOUN
གསུམ་	གསུམ་	NUM
ལ་	ལ་	PART
།		PUNCT
རེ་	རེ་	DET
དྭོགས་		NON_WORD
མེད་པ་	མེད་པ་	VERB
།		PUNCT
ཚོགས་	ཚོགས་	NOUN
དྲུག་	དྲུག་	NUM
ལྷུག་པ་	ལྷུག་པ་	NO_POS
ར་	ལ་	PART
བཞག་པ་	བཞག་པ་	VERB
།		PUNCT
ཤེས་པ་	ཤེས་པ་	VERB
ཉམས་	ཉམས་	NOUN
དང་	དང་	NO_POS
མི་	མི་	PART
འབྲལ་བ་	འབྲལ་བ་	VERB
འོ་	གོ་	PART
། །		PUNCT
དེ་	སྟེ་	PART
གསེང་བ་	གསེང་བ་	VERB
འི་	གི་	PART
ཐབས་	ཐབས་	NOUN
གསུམ་	གསུམ་	NUM
།		PUNCT
རོལ་མོ་	རོལ་མོ་	NOUN
ས་	གིས་	PART
གསེང་བ་	གསེང་བ་	VERB
ནི་	ནི་	NO_POS
གླུ་	གླུ་	NOUN
དང་ག་	དང་ག་	NO_POS
ར་	ལ་	PART
ལ་སོགས་པ་	ལ་སོགས་པ་	NO_POS
རང་	རང་	PRON
གིས་	གིས་	PART
ཀྱང་	ཀྱང་	PART
བྱ་	བྱ་	VERB
།		PUNCT
གཞན་	གཞན་	DET
བྱེད་པ་	བྱེད་པ་	VERB
ལ་	ལ་	PART
ཡང་	ཀྱང་	PART
བལྟ་	བལྟ་	VERB
འོ་	གོ་	PART
། །		PUNCT
སྤྱོད་ལམ་	སྤྱོད་ལམ་	NOUN
གྱིས་	གིས་	PART
གསེང་བ་	གསེང་བ་	VERB
ནི་	ནི་	NO_POS
།		PUNCT
འབྱུང་བ་	འབྱུང་བ་	VERB
རོ་	རོ་	NOUN
མཉམ་	མཉམ་	VERB
།		PUNCT
བརྒྱུག་པ་	བརྒྱུག་པ་	NO_POS
དང་	དང་	NO_POS
།		PUNCT
མཆོང་བ་	མཆོང་བ་	VERB
དང་	དང་	NO_POS
།		PUNCT
རྩེ་བ་	རྩེ་བ་	VERB
ལ་སོགས་པ་	ལ་སོགས་པ་	NO_POS
ཅི་	ཅི་	NO_POS
བདེ་	བདེ་	VERB
བྱ་	བྱ་	VERB
འོ་	གོ་	PART
། །		PUNCT
ཤེས་པ་	ཤེས་པ་	VERB
ས་	གིས་	PART
གསེང་བ་	གསེང་བ་	VERB
ནི་	ནི་	NO_POS
གཟུགས་	གཟུགས་	NOUN
སྒྲ་	སྒྲ་	NOUN
ལ་	ལ་	PART
བྲོ་	བྲོ་	VERB
ཤིང་	ཅིང་	PART
སྔ་	སྔ་	NOUN
གྱི་	གི་	PART
ཉམས་	ཉམས་	NOUN
དང་	དང་	NO_POS
མི་	མི་	PART
འབྲལ་བ་	འབྲལ་བ་	VERB
ར་	ལ་	PART
བྱ་	བྱ་	VERB
འོ་	གོ་	PART
། །		PUNCT
སྤྱོད་ལམ་	སྤྱོད་ལམ་	NOUN
བསམ་	བསམ་	NOUN
གྱིས་	གིས་	PART
མི་	མི་	PART
ཁྱབ་པ་	ཁྱབ་པ་	VERB
ལ་	ལ་	PART
བཞི་	བཞི་	NUM
སྟེ་	སྟེ་	PART
།		PUNCT
སྒོམ་པ་	སྒོམ་པ་	VERB
འི་	གི་	PART
དུས་	དུས་	NOUN
སུ་	ལ་	PART
ནད་པ་	ནད་པ་	NOUN
གནད་	གནད་	NOUN
དུ་	ལ་	PART
ཕོགས་པ་	ཕོགས་པ་	NOUN
ལྟ་བུ་	ལྟ་བུ་	NOUN
བྱ་	བྱ་	VERB
།		PUNCT
སྤྱོད་པ་	སྤྱོད་པ་	VERB
ལ་	ལ་	PART
བརྩོན་པ་	བརྩོན་པ་	VERB
འི་	གི་	PART
དུས་	དུས་	NOUN
སུ་	ལ་	PART
པདྨ་	པདྨ་	NOUN
ལ་	ལ་	PART
ཉི་མ་	ཉི་མ་	NOUN
འི་	གི་	PART
འོད་ཟེར་	འོད་ཟེར་	NOUN
ཕོག་པ་	ཕོག་པ་	VERB
ལྟ་བུ་	ལྟ་བུ་	NOUN
བྱ་	བྱ་	VERB
།		PUNCT
བསོད་སྙོམས་	བསོད་སྙོམས་	NOUN
ལ་	ལ་	PART
རྒྱུ་བ་	རྒྱུ་བ་	VERB
འི་	གི་	PART
དུས་	དུས་	NOUN
སུ་	ལ་	PART
དཔའ་བོ་	དཔའ་བོ་	NOUN
ལྟ་བུ་	ལྟ་བུ་	NOUN
འི་	གི་	PART
སྤྱོད་པ་	སྤྱོད་པ་	VERB
བྱ་	བྱ་	VERB
།		PUNCT
སྨྱོན་པ་	སྨྱོན་པ་	VERB
བརྟུལ་ཞུགས་	བརྟུལ་ཞུགས་	NOUN
ཀྱི་	གི་	PART
དུས་	དུས་	NOUN
སུ་	ལ་	PART
སེང་གེ་	སེང་གེ་	NOUN
ལྟ་བུ་	ལྟ་བུ་	NOUN
འི་	གི་	PART
སྤྱོད་པ་	སྤྱོད་པ་	VERB
བྱ་	བྱ་	VERB
འོ་	གོ་	PART
། །		PUNCT
ཆོ་	ཆོ་	NOUN
ཐམས་ཅད་	ཐམས་ཅད་	DET
འདུས་པ་	འདུས་པ་	VERB
འི་	གི་	PART
ཚུལ་	ཚུལ་	NOUN
བསམ་	བསམ་	NOUN
གྱིས་	གིས་	PART
མི་	མི་	PART
ཁྱབ་པ་	ཁྱབ་པ་	VERB
ལ་	ལ་	PART
ལྔ་	ལྔ་	NUM
སྟེ་	སྟེ་	PART
།		PUNCT
འདོད་ཡོན་	འདོད་ཡོན་	NOUN
ལོངས་སྤྱོད་	ལོངས་སྤྱོད་	NOUN
དུ་	ལ་	PART
འདུ་བ་	འདུ་བ་	VERB
།		PUNCT
མངོན་དུ་	མངོན་དུ་	NO_POS
གྱུར་པ་	གྱུར་པ་	VERB
གྲོག་	གྲོག་	NOUN
སུ་	ལ་	PART
འདུ་བ་	འདུ་བ་	VERB
།		PUNCT
མངོན་དུ་	མངོན་དུ་	NO_POS
མ་	མ་	PART
གྱུར་པ་	གྱུར་པ་	VERB
ཡོན་ཏན་	ཡོན་ཏན་	NOUN
དུ་	ལ་	PART
འདུ་བ་	འདུ་བ་	VERB
།		PUNCT
ལུང་རིགས་	ལུང་རིགས་	NOUN
ལ་སོགས་པ་	ལ་སོགས་པ་	NO_POS
བླ་མ་	བླ་མ་	NOUN
འི་	གི་	PART
མན་ངག་	མན་ངག་	NOUN
༼		PUNCT
		
ན་	ལ་	PART
༽		PUNCT
ཏུ་	ལ་	PART
འདུ་བ་	འདུ་བ་	VERB
།		PUNCT
སྐུ་ལྔ་	སྐུ་ལྔ་	OTHER
རང་	རང་	PRON
ལ་	ལ་	PART
རྫོགས་པ་	རྫོགས་པ་	VERB
ར་	ལ་	PART
འདུ་བ་	འདུ་བ་	VERB
འོ་	གོ་	PART
། །		PUNCT
ས་	ས་	ADP
ནོན་པ་	ནོན་པ་	VERB
འི་	གི་	PART
རིམ་	རིམ་	NOUN
བསམ་	བསམ་	NOUN
གྱིས་	གིས་	PART
མི་	མི་	PART
ཁྱབ་པ་	ཁྱབ་པ་	VERB
འི་	གི་	PART
རྟོག་པ་	རྟོག་པ་	VERB
ཀུན་	ཀུན་	DET
ཀུན་	ཀུན་	DET
དུ་	ལ་	PART
བཟང་མོ་	བཟང་མོ་	ADJ
ཞེ་	ཅེས་	PART
གྲགས་པ་	གྲགས་པ་	VERB
གཉིས་	གཉིས་	NUM
མེད་	མེད་	VERB
ཡིད་བཞིན་	ཡིད་བཞིན་	OTHER
ནོར་བུ་	ནོར་བུ་	NOUN
འོ་	གོ་	PART
།།		PUNCT
པ་	པ་	PART
ལམ་	གམ་	PART
འབྲས་བུ་	འབྲས་བུ་	NOUN
དང་	དང་	NO_POS
བཅས་པ་	བཅས་པ་	VERB
བསམ་	བསམ་	NOUN
གྱིས་	གིས་	PART
མི་	མི་	PART
ཁྱབ་པ་	ཁྱབ་པ་	VERB
ནི་	ནི་	NO_POS
།		PUNCT
མི་	མི་	PART
རྟོག་	རྟོག་	VERB
བསམ་	བསམ་	NOUN
གྱིས་	གིས་	PART
མི་	མི་	PART
ཁྱབ་པ་	ཁྱབ་པ་	VERB
ས་	གིས་	PART
། །		PUNCT
རྡོ་རྗེ་	རྡོ་རྗེ་	NOUN
ཅན་	ཅན་	PART
དེ་	སྟེ་	PART
ཐོབ་པ་	ཐོབ་པ་	VERB
ར་	ལ་	PART
འགྱུར་	འགྱུར་	VERB
། །		PUNCT
ཞེ་	ཅེས་	PART
གསུངས་	གསུངས་	VERB
སོ་	གོ་	PART
། །		PUNCT
སློབ་དཔོན་	སློབ་དཔོན་	NOUN
བཟང་པོ་	བཟང་པོ་	ADJ
ས་	གིས་	PART
ཉམས་	ཉམས་	NOUN
སུ་	ལ་	PART
བླངས་པ་	བླངས་པ་	VERB
ས་	གིས་	PART
རྟོགས་པ་	རྟོགས་པ་	VERB
འདི་ལྟར་	འདི་ལྟར་	NO_POS
སྐྱེ་	སྐྱེ་	VERB
ཏེ་	སྟེ་	PART
།		PUNCT
རང་བཞིན་	རང་བཞིན་	NOUN
ལ་	ལ་	PART
གསུམ་	གསུམ་	NUM
།		PUNCT
ངོ་བོ་	ངོ་བོ་	NOUN
དང་	དང་	NO_POS
།		PUNCT
དབྱེ་བ་	དབྱེ་བ་	VERB
དང་	དང་	NO_POS
།		PUNCT
ཁྱད་པར་	ཁྱད་པར་	NOUN
རྟེན་	རྟེན་	NOUN
དུ་	ལ་	PART
སྣང་བ་	སྣང་བ་	VERB
འོ་	གོ་	PART
། །		PUNCT
ངོ་བོ་	ངོ་བོ་	NOUN
ནི་	ནི་	NO_POS
སྤྲོས་པ་	སྤྲོས་པ་	VERB
དང་	དང་	NO_POS
བྲལ་བ་	བྲལ་བ་	VERB
།		PUNCT
རང་གཞན་	རང་གཞན་	NOUN
གྱིས་	གིས་	PART
ལྟ་བ་	ལྟ་བ་	VERB
ལ་	ལ་	PART
སྐུར་་	སྐུར་པ་	NOUN
མི་	མི་	PART
འདེབས་པ་	འདེབས་པ་	VERB
།		PUNCT
རང་གཞན་	རང་གཞན་	NOUN
གྱི་	གི་	PART
ལྟ་བ་	ལྟ་བ་	VERB
ལ་	ལ་	PART
སྒྲོ་	སྒྲོ་	NOUN
མི་	མི་	PART
འདོགས་པ་	འདོགས་པ་	VERB
།		PUNCT
དེ་	སྟེ་	PART
ཡིད་	ཡིད་	NOUN
སྨོན་	སྨོན་	VERB
གྱི་	གི་	PART
ཡུལ་	ཡུལ་	NOUN
མ་ཡིན་པ་	མ་ཡིན་པ་	OTHER
།		PUNCT
སྒྲོ་སྐུར་	སྒྲོ་སྐུར་	NOUN
དང་	དང་	NO_POS
བྲལ་བ་	བྲལ་བ་	VERB
འི་	གི་	PART
སྟོང་པ་	སྟོང་པ་	VERB
འོ་	གོ་	PART
། །		PUNCT
དབྱེ་བ་	དབྱེ་བ་	VERB
ལ་	ལ་	PART
གཉིས་	གཉིས་	NUM
ཏེ་	སྟེ་	PART
།		PUNCT
མ་	མ་	PART
དག་པ་	དག་པ་	VERB
འི་	གི་	PART
དེ་བཞིན་ཉིད་	དེ་བཞིན་ཉིད་	NOUN
དང་	དང་	NO_POS
།		PUNCT
དག་པ་	དག་པ་	VERB
འི་	གི་	PART
དེ་བཞིན་ཉིད་	དེ་བཞིན་ཉིད་	NOUN
དོ་	གོ་	PART
། །		PUNCT
མ་	མ་	PART
དག་པ་	དག་པ་	VERB
འི་	གི་	PART
དེ་བཞིན་ཉིད་	དེ་བཞིན་ཉིད་	NOUN
ནི་	ནི་	NO_POS
།		PUNCT
ལ་	ལ་	ADP
ས་	གིས་	PART
ཀྱི་	གི་	PART
ཕྱག་རྒྱ་	ཕྱག་རྒྱ་	NOUN
དཔེ་	དཔེ་	NOUN
འི་	གི་	PART
ཡེ་ཤེས་	ཡེ་ཤེས་	NOUN
མི་	མི་	PART
འི་	གི་	PART
བུ་མོ་	བུ་མོ་	NOUN
ལ་	ལ་	ADP
ས་	གིས་	PART
འབྱུང་བ་	འབྱུང་བ་	VERB
ས་	གིས་	PART
དེ་	སྟེ་	PART
ཡོད་	ཡོད་	VERB
ན་	ལ་	PART
དཔེ་	དཔེ་	NOUN
འི་	གི་	PART
ཡེ་ཤེས་	ཡེ་ཤེས་	NOUN
ཉམས་	ཉམས་	NOUN
སུ་	ལ་	PART
མྱོང་བ་	མྱོང་བ་	VERB
ལ་	ལ་	PART
།		PUNCT
དེ་	སྟེ་	PART
མེད་	མེད་	VERB
ན་	ལ་	PART
མི་	མི་	PART
མྱོང་བ་	མྱོང་བ་	VERB
ས་	གིས་	PART
ན་མ་	ན་མ་	PROPN
དག་པ་	དག་པ་	VERB
འོ་	གོ་	PART
། །		PUNCT
དོན་	དོན་	NOUN
གྱི་	གི་	PART
ཡེ་ཤེས་	ཡེ་ཤེས་	NOUN
མཚོན་	མཚོན་	NOUN
དུ་	ལ་	PART
ནུས་པ་	ནུས་པ་	VERB
ས་	གིས་	PART
དེ་བཞིན་ཉིད་	དེ་བཞིན་ཉིད་	NOUN
དོ་	གོ་	PART
། །		PUNCT
དག་པ་	དག་པ་	VERB
འི་	གི་	PART
དེ་བཞིན་ཉིད་	དེ་བཞིན་ཉིད་	NOUN
ནི་	ནི་	NO_POS
།		PUNCT
ཆོ་	ཆོ་	NOUN
ཀྱི་	གི་	PART
ཕྱག་རྒྱ་	ཕྱག་རྒྱ་	NOUN
ཕྱག་རྒྱ་	ཕྱག་རྒྱ་	NOUN
ཆེན་པོ་	ཆེན་པོ་	ADJ
སྟེ་	སྟེ་	PART
།		PUNCT
ཆོ་	ཆོ་	NOUN
ཀྱི་	གི་	PART
ཕྱག་རྒྱ་	ཕྱག་རྒྱ་	NOUN
བླ་མ་	བླ་མ་	NOUN
འི་	གི་	PART
གདམས་ངག་	གདམས་ངག་	NOUN
ལ་	ལ་	ADP
ས་	གིས་	PART
འབྱུང་བ་	འབྱུང་བ་	VERB
སྟེ་	སྟེ་	PART
།		PUNCT
བླ་མ་	བླ་མ་	NOUN
ས་	གིས་	PART
གདམས་པ་	གདམས་པ་	VERB
ས་	གིས་	PART
སྣང་བ་	སྣང་བ་	VERB
སྟོང་པ་	སྟོང་པ་	VERB
ར་	ལ་	PART
རྟོགས་	རྟོགས་	VERB
ཏེ་	སྟེ་	PART
སྐྱེ་	སྐྱེ་	NOUN
མེད་	མེད་	VERB
དུ་	ལ་	PART
གནས་པ་	གནས་པ་	VERB
ས་	གིས་	PART
དག་པ་	དག་པ་	VERB
འི་	གི་	PART
དེ་བཞིན་ཉིད་	དེ་བཞིན་ཉིད་	NOUN
དོ་	གོ་	PART
། །		PUNCT
མཐའ་	མཐའ་	NOUN
གཉིས་	གཉིས་	NUM
དང་	དང་	NO_POS
བྲལ་བ་	བྲལ་བ་	VERB
འི་	གི་	PART
དགའ་བ་	དགའ་བ་	VERB
བཞི་	བཞི་	NUM
དྲི་མ་	དྲི་མ་	NOUN
མེད་པ་	མེད་པ་	VERB
ས་	གིས་	PART
ཕྱག་རྒྱ་	ཕྱག་རྒྱ་	NOUN
ཆེན་པོ་	ཆེན་པོ་	ADJ
འི་	གི་	PART
དེ་བཞིན་ཉིད་	དེ་བཞིན་ཉིད་	NOUN
དོ་	གོ་	PART
། །		PUNCT
ཁྱད་པར་	ཁྱད་པར་	NOUN
དུ་	ལ་	PART
རྟེན་	རྟེན་	NOUN
དུ་	ལ་	PART
སྣང་བ་	སྣང་བ་	VERB
ལ་	ལ་	PART
གསུམ་	གསུམ་	NUM
སྟེ་	སྟེ་	PART
།		PUNCT
ལ་	ལ་	ADP
ས་	གིས་	PART
ཀྱི་	གི་	PART
ཕྱག་རྒྱ་	ཕྱག་རྒྱ་	NOUN
འི་	གི་	PART
རྟེན་	རྟེན་	NOUN
དཔེ་	དཔེ་	NOUN
དང་	དང་	NO_POS
རིག་མ་	རིག་མ་	NOUN
མཚན་ལྡན་	མཚན་ལྡན་	ADJ
ལ་	ལ་	ADP
ས་	གིས་	PART
བྱུང་	བྱུང་	VERB
སྟེ་	སྟེ་	PART
།		PUNCT
མེད་	མེད་	VERB
ན་	ལ་	PART
མི་	མི་	PART
འབྱུང་	འབྱུང་	VERB
ངོ་	གོ་	PART
། །		PUNCT
ཆོ་	ཆོ་	NOUN
ཀྱི་	གི་	PART
ཕྱག་རྒྱ་	ཕྱག་རྒྱ་	NOUN
འི་	གི་	PART
རྟེན་	རྟེན་	NOUN
གང་ཟག་	གང་ཟག་	NOUN
ཡིན་	ཡིན་	NO_POS
ཏེ་	སྟེ་	PART
།		PUNCT
ལུས་	ལུས་	NOUN
ཀྱི་	གི་	PART
འབད་པ་	འབད་པ་	VERB
ཅི་	ཅི་	NO_POS
བྱ་	བྱ་	VERB
ཀྱང་	ཀྱང་	PART
བླ་མ་	བླ་མ་	NOUN
འི་	གི་	PART
གདམས་ངག་	གདམས་ངག་	NOUN
མེད་པ་	མེད་པ་	VERB
ར་	ལ་	PART
མི་	མི་	PART
རྟོགས་	རྟོགས་	VERB
ཏེ་	སྟེ་	PART
།		PUNCT
ཆོ་	ཆོ་	NOUN
ཀྱི་	གི་	PART
ཕྱག་རྒྱ་	ཕྱག་རྒྱ་	NOUN
སྐྱེ་བ་	སྐྱེ་བ་	VERB
འི་	གི་	PART
རྟེན་	རྟེན་	NOUN
མ་	མ་	PART
ཡིན་	ཡིན་	NO_POS
ནོ་	གོ་	PART
། །		PUNCT
ཕྱག་རྒྱ་	ཕྱག་རྒྱ་	NOUN
༼		PUNCT
		
བ་	པ་	PART
༽		PUNCT
ཆེན་པོ་	ཆེན་པོ་	ADJ
ཡིད་	ཡིད་	NOUN
ཀྱི་	གི་	PART
ལ་	ལ་	ADP
ས་	གིས་	PART
ཏེ་	སྟེ་	PART
།		PUNCT
ལུས་ངག་	ལུས་ངག་	NOUN
གི་	གི་	PART
འབད་པ་	འབད་པ་	VERB
ཅི་	ཅི་	NO_POS
བྱ་	བྱ་	VERB
ཀྱང་	ཀྱང་	PART
།		PUNCT
ཡིད་	ཡིད་	NOUN
གཉུག་	གཉུག་	NO_POS
མ་ལ་	མ་ལ་	INTJ
མ་གནས་	མ་གནས་	NO_POS
ན་	ལ་	PART
ཕྱག་རྒྱ་	ཕྱག་རྒྱ་	NOUN
ཆེན་པོ་	ཆེན་པོ་	ADJ
མི་	མི་	PART
རྟོགས་པ་	རྟོགས་པ་	VERB
ས་	གིས་	PART
།		PUNCT
ཕྱག་རྒྱ་	ཕྱག་རྒྱ་	NOUN
ཆེན་པོ་	ཆེན་པོ་	ADJ
འི་	གི་	PART
རྟེན་	རྟེན་	NOUN
མ་	མ་	PART
ཡིན་	ཡིན་	NO_POS
ནོ་	གོ་	PART
། །		PUNCT
ཐབས་	ཐབས་	NOUN
བསམ་	བསམ་	NOUN
གྱིས་	གིས་	PART
མི་	མི་	PART
ཁྱབ་པ་	ཁྱབ་པ་	VERB
ལ་	ལ་	PART
བཞི་	བཞི་	NUM
སྟེ་	སྟེ་	PART
།		PUNCT
ལུས་	ལུས་	NOUN
ལྷ་	ལྷ་	NOUN
ར་	ལ་	PART
སྦྱང་བ་	སྦྱང་བ་	VERB
ནི་	ནི་	NO_POS
།		PUNCT
ཡི་དམ་	ཡི་དམ་	NOUN
ལྷ་	ལྷ་	NOUN
ར་	ལ་	PART
བསྒོམ་པ་	བསྒོམ་པ་	VERB
འོ་	གོ་	PART
། །		PUNCT
རྩ་	རྩ་	NUM
རྡོ་རྗེ་	རྡོ་རྗེ་	NOUN
འི་	གི་	PART
དྲ་བ་	དྲ་བ་	OTHER
བྱ་བ་	བྱ་བ་	VERB
ནི་	ནི་	NO_POS
།		PUNCT
རང་	རང་	PRON
ལ་	ལ་	PART
ཡོད་པ་	ཡོད་པ་	VERB
སྦྱང་	སྦྱང་	VERB
སྟེ་	སྟེ་	PART
།		PUNCT
རྒལ་བ་	རྒལ་བ་	VERB
འི་	གི་	PART
ནང་ཚན་	ནང་ཚན་	OTHER
ན་	ལ་	PART
།		PUNCT
ལ་ལ་	ལ་ལ་	PRON
ནཱ་	ནཱ་	NO_POS
གཡའ་	གཡའ་	NOUN
གཟུང་བ་	གཟུང་བ་	VERB
འི་	གི་	PART
རླུང་	རླུང་	NOUN
རྒྱུ་བ་	རྒྱུ་བ་	VERB
ཁ་དོག་	ཁ་དོག་	NOUN
སྔོན་པོ་	སྔོན་པོ་	ADJ
། །		PUNCT
ར་ས་	ར་ས་	PROPN
ནཱ་	ནཱ་	NO_POS
ནི་	ནི་	NO_POS
གཡོན་	གཡོན་	NOUN
འཛིན་པ་	འཛིན་པ་	VERB
འི་	གི་	PART
རླུང་	རླུང་	NOUN
རྒྱུ་བ་	རྒྱུ་བ་	VERB
ཁ་དོག་	ཁ་དོག་	NOUN
དམར་པོ་	དམར་པོ་	ADJ
།		PUNCT
ཨ་ཝ་	ཨ་ཝ་	NO_POS
དྷཱུ་		NON_WORD
ཏི་	ཏི་	NO_POS
དབུ་	དབུ་	NOUN
གཟུང་འཛིན་	གཟུང་འཛིན་	NOUN
སྤངས་པ་	སྤངས་པ་	VERB
འི་	གི་	PART
རླུང་	རླུང་	NOUN
རྒྱུ་བ་	རྒྱུ་བ་	VERB
དཀར་པོ་	དཀར་པོ་	ADJ
།		PUNCT
རྩ་	རྩ་	NUM
གསུམ་པོ་	གསུམ་པོ་	NUM
དེ་	སྟེ་	PART
དབུ་	དབུ་	NOUN
ཀྱི་	གི་	PART
སྤྱི་གཙུག་	སྤྱི་གཙུག་	NOUN
གི་	གི་	PART
ཧཾ་		NON_WORD
ལ་	ལ་	PART
ཕྲད་པ་	ཕྲད་པ་	VERB
ས་	གིས་	PART
རྩ་	རྩ་	NUM
གཉིས་	གཉིས་	NUM
མ་	མ་	NOUN
སྣ་	སྣ་	NOUN
སྤུ་ནག་	སྤུ་ནག་	NO_POS
མཚམས་	མཚམས་	NOUN
།		PUNCT
ཡ་	ཡ་	OTHER
སྣ་བུག་	སྣ་བུག་	NO_POS
གཉིས་	གཉིས་	NUM
ལ་	ལ་	PART
སླེབ་པ་	སླེབ་པ་	VERB
ར་	ལ་	PART
།		PUNCT
ཤོག་བུ་	ཤོག་བུ་	NOUN
སྟོང་པ་	སྟོང་པ་	VERB
ལྟ་	ལྟ་	OTHER
བསྒོམ་པ་	བསྒོམ་པ་	VERB
ནི་	ནི་	NO_POS
རྩ་	རྩ་	NUM
རྡོ་རྗེ་	རྡོ་རྗེ་	NOUN
འི་	གི་	PART
དྲ་བ་	དྲ་བ་	OTHER
འོ་	གོ་	PART
། །		PUNCT
རླུང་	རླུང་	NOUN
ཟུང་འཇུག་	ཟུང་འཇུག་	NOUN
ནི་	ནི་	NO_POS
སྟེང་འོག་	སྟེང་འོག་	NOUN
གི་	གི་	PART
རླུང་	རླུང་	NOUN
བསྡམ་པ་	བསྡམ་པ་	NO_POS
འོ་	གོ་	PART
། །		PUNCT
ཐིག་ལེ་	ཐིག་ལེ་	NOUN
སྐོར་	སྐོར་	NOUN
ལྡོག་	ལྡོག་	VERB
ནི་	ནི་	NO_POS
མ་	མ་	NOUN
ཧཾ་		NON_WORD
ལ་	ལ་	ADP
ས་	གིས་	PART
ཕབ་	ཕབ་	VERB
ཀྱིན་	གིན་	PART
ཡ་	ཡ་	OTHER
རྩ་	རྩ་	NUM
གསུམ་	གསུམ་	NUM
གསལ་བ་	གསལ་བ་	VERB
ར་	ལ་	PART
བྱ་	བྱ་	VERB
ལ་	ལ་	PART
།		PUNCT
གསང་བ་	གསང་བ་	VERB
འི་	གི་	PART
རྡོ་རྗེ་	རྡོ་རྗེ་	NOUN
ན་	ནས་	PART
སྙིང་ག་	སྙིང་ག་	NOUN
ར་	ལ་	PART
དྲང་	དྲང་	VERB
།		PUNCT
དེ་ནས་	དེ་ནས་	NO_POS
ཧཾ་		NON_WORD
ལ་	ལ་	PART
བསྐྱལ་བ་	བསྐྱལ་བ་	VERB
ནི་	ནི་	NO_POS
ཐིག་ལེ་	ཐིག་ལེ་	NOUN
སྐོར་	སྐོར་	NOUN
ལྡོག་	ལྡོག་	VERB
གོ་	གོ་	PART
།		PUNCT
དེ་	སྟེ་	PART
ལ་	ལ་	PART
རྟགས་	རྟགས་	NOUN
ལྔ་	ལྔ་	NUM
ནི་	ནི་	NO_POS
།		PUNCT
དུ་བ་	དུ་བ་	NOUN
ཆུ་	ཆུ་	NOUN
རླུང་	རླུང་	NOUN
ཟིན་པ་	ཟིན་པ་	VERB
འི་	གི་	PART
རྟགས་	རྟགས་	NOUN
།		PUNCT
སྲིན་བུ་	སྲིན་བུ་	NOUN
མེ་	མེ་	NOUN
འི་	གི་	PART
རླུང་	རླུང་	NOUN
ཟིན་པ་	ཟིན་པ་	VERB
འི་	གི་	PART
རྟགས་	རྟགས་	NOUN
།		PUNCT
སྨིག་རྒྱུ་	སྨིག་རྒྱུ་	NOUN
ས་	ས་	ADP
འི་	གི་	PART
རླུང་	རླུང་	NOUN
ཟིན་པ་	ཟིན་པ་	VERB
འི་	གི་	PART
རྟགས་	རྟགས་	NOUN
།		PUNCT
མར་མེ་	མར་མེ་	NOUN
རླུང་	རླུང་	NOUN
གི་	གི་	PART
རླུང་	རླུང་	NOUN
ཟིན་པ་	ཟིན་པ་	VERB
འི་	གི་	PART
རྟགས་	རྟགས་	NOUN
།		PUNCT
སྟོང་པ་	སྟོང་པ་	VERB
ནམ་མཁ་	ནམ་མཁའ་	NOUN
འི་	གི་	PART
རླུང་	རླུང་	NOUN
ཟིན་པ་	ཟིན་པ་	VERB
འི་	གི་	PART
རྟགས་	རྟགས་	NOUN
སོ་	གོ་	PART
། །		PUNCT
སྤྱོད་ལམ་	སྤྱོད་ལམ་	NOUN
ལ་	ལ་	PART
བཞི་	བཞི་	NUM
སྟེ་	སྟེ་	PART
།		PUNCT
བྱང་ཆུབ་	བྱང་ཆུབ་	NOUN
སེམས་	སེམས་	NOUN
ཀྱི་	གི་	PART
ཐིག་ལེ་	ཐིག་ལེ་	NOUN
ཟིན་པ་	ཟིན་པ་	VERB
འི་	གི་	PART
དུས་	དུས་	NOUN
སུ་	ལ་	PART
ཤེས་པ་	ཤེས་པ་	VERB
ག་	ག་	NOUN
གཏད་པ་	གཏད་པ་	VERB
ར་	ལ་	PART
མི་	མི་	PART
བཟོད་པ་	བཟོད་པ་	VERB
དང་	དང་	NO_POS
།		PUNCT
ལུས་	ལུས་	NOUN
ཐམས་ཅད་	ཐམས་ཅད་	DET
བདེ་བ་	བདེ་བ་	VERB
ས་	གིས་	PART
གང་བ་	གང་བ་	VERB
དང་	དང་	NO_POS
།		PUNCT
སྣང་བ་	སྣང་བ་	VERB
ཡང་	ཀྱང་	PART
བདེ་བ་	བདེ་བ་	VERB
ར་	ལ་	PART
ཤར་བ་	ཤར་བ་	VERB
དང་	དང་	NO_POS
།		PUNCT
བདེ་བ་	བདེ་བ་	VERB
ས་	གིས་	PART
ཉོན་མོངས་པ་	ཉོན་མོངས་པ་	NOUN
མགོ་	མགོ་	NOUN
ནོན་	ནོན་	VERB
ན་	ནས་	PART
གསང་སྤྱོད་	གསང་སྤྱོད་	OTHER
བྱ་	བྱ་	VERB
སྟེ་	སྟེ་	PART
།		PUNCT
དུར་ཁྲོད་	དུར་ཁྲོད་	NOUN
དམ་	གམ་	PART
དབེན་པ་	དབེན་པ་	VERB
ར་	ལ་	PART
མཚན་ལྡན་	མཚན་ལྡན་	ADJ
རིག་མ་	རིག་མ་	NOUN
ཅིག་	ཅིག་	PART
བརྟེན་	བརྟེན་	VERB
ལ་	ལ་	PART
ཐིག་ལེ་	ཐིག་ལེ་	NOUN
རྩལ་	རྩལ་	NOUN
སྦྱོང་	སྦྱོང་	VERB
ལ་སོགས་	ལ་སོགས་	NO_POS
བྱ་	བྱ་	VERB
འོ་	གོ་	PART
། །		PUNCT
དེ་	སྟེ་	PART
ལ་	ལ་	PART
བརྟེན་	བརྟེན་	VERB
ན་	ནས་	PART
སྟོང་པ་	སྟོང་པ་	VERB
རྟོགས་པ་	རྟོགས་པ་	VERB
ས་	གིས་	PART
སྣང་བ་	སྣང་བ་	VERB
བན་བུན་	བན་བུན་	NO_POS
ནམ་	གམ་	PART
།		PUNCT
རང་	རང་	PRON
ལ་	ལ་	PART
།		PUNCT
སྐྱི་བུང་བ་	སྐྱི་བུང་བ་	NOUN
འམ་	གམ་	PART
།		PUNCT
འཇའ་ཚོན་	འཇའ་ཚོན་	NOUN
ལྟ་	ལྟ་	OTHER
རྟོགས་	རྟོགས་	VERB
ན་	ནས་	PART
སྟོང་པ་	སྟོང་པ་	VERB
ལྷན་ཅིག་	ལྷན་ཅིག་	OTHER
༼		PUNCT
		
ན་	ལ་	PART
༽		PUNCT
སྐྱེས་པ་	སྐྱེས་པ་	VERB
གོམས་	གོམས་	VERB
ན་	ནས་	PART
།		PUNCT
མངོན་ཤེས་	མངོན་ཤེས་	NOUN
དང་	དང་	NO_POS
ནུས་པ་	ནུས་པ་	VERB
སྐྱེ་	སྐྱེ་	VERB
ན་	ནས་	PART
རིག་མ་	རིག་མ་	NOUN
མང་	མང་	VERB
དུ་	ལ་	PART
བརྟེན་	བརྟེན་	VERB
ལ་	ལ་	PART
།		PUNCT
རིགས་	རིགས་	NOUN
མ་	མ་	PART
བརྟུལ་ཞུགས་	བརྟུལ་ཞུགས་	NOUN
ཀྱི་	གི་	PART
སྤྱོད་པ་	སྤྱོད་པ་	VERB
དེ་	དེ་	DET
ས་	གིས་	PART
དབང་པོ་	དབང་པོ་	NOUN
རང་	རང་	PRON
ཐོག་	ཐོག་	NOUN
ཏུ་	ལ་	PART
འགྱུར་	འགྱུར་	VERB
ན་	ནས་	PART
།		PUNCT
སྐྱེ་	སྐྱེ་	NOUN
མེད་	མེད་	VERB
ལྷན་ཅིག་	ལྷན་ཅིག་	OTHER
སྐྱེས་པ་	སྐྱེས་པ་	VERB
ལ་	ལ་	PART
བརྟེན་པ་	བརྟེན་པ་	VERB
མཉམ་རྗེས་	མཉམ་རྗེས་	NOUN
མེད་པ་	མེད་པ་	VERB
ར་	ལ་	PART
ཐོབ་	ཐོབ་	VERB
ན་	ནས་	PART
ཚོགས་	ཚོགས་	NOUN
སྤྱོད་	སྤྱོད་	VERB
བྱ་	བྱ་	VERB
སྟེ་	སྟེ་	PART
།		PUNCT
ཁྲོམ་ཆེན་	ཁྲོམ་ཆེན་	OTHER
དང་	དང་	NO_POS
གདོལ་པ་	གདོལ་པ་	NOUN
དང་	དང་	NO_POS
།		PUNCT
རིགས་ངན་	རིགས་ངན་	NOUN
གྱི་	གི་	PART
ཁྱིམ་	ཁྱིམ་	NOUN
དུ་	ལ་	PART
ཕྱིན་	ཕྱིན་	VERB
ཏེ་	སྟེ་	PART
།		PUNCT
གླུ་གར་	གླུ་གར་	NOUN
ལ་སོགས་པ་	ལ་སོགས་པ་	NO_POS
ས་	གིས་	PART
སེམས་	སེམས་	NOUN
གཟེང་		NON_WORD
བསྟོད་	བསྟོད་	VERB
།		PUNCT
རྒྱུན་	རྒྱུན་	NOUN
དུ་	ལ་	PART
ཧབ་	ཧབ་	NO_POS
བརྟན་པ་	བརྟན་པ་	VERB
ར་	ལ་	PART
བྱ་	བྱ་	VERB
འོ་	གོ་	PART
། །		PUNCT
དེ་	དེ་	DET
ས་	གིས་	PART
མ་	མ་	PART
ཧཱ་		NON_WORD
མུ་	མུ་	NOUN
དྲཱ་		NON_WORD
ཇི་ལྟ་	ཇི་ལྟ་	ADJ
བ་	བ་	NOUN
རྟོགས་པ་	རྟོགས་པ་	VERB
འི་	གི་	PART
དུས་	དུས་	NOUN
སུ་	ལ་	PART
ཕྱོགས་	ཕྱོགས་	NOUN
ལ་	ལ་	ADP
ས་	གིས་	PART
རྣམ་པ་	རྣམ་པ་	NOUN
ར་	ལ་	PART
རྒྱལ་བ་	རྒྱལ་བ་	NOUN
འི་	གི་	PART
སྤྱོད་པ་	སྤྱོད་པ་	VERB
བྱ་	བྱ་	VERB
སྟེ་	སྟེ་	PART
།		PUNCT
ནམ་མཁའ་	ནམ་མཁའ་	NOUN
སྐམ་	སྐམ་	VERB
གཤེར་	གཤེར་	NO_POS
དང་	དང་	NO_POS
བྲལ་བ་	བྲལ་བ་	VERB
བཞིན་	བཞིན་	NOUN
དུ་	ལ་	PART
སེམས་	སེམས་	NOUN
དགེ་སྡིག་	དགེ་སྡིག་	NOUN
དང་	དང་	NO_POS
བྲལ་བ་	བྲལ་བ་	VERB
སྟེ་	སྟེ་	PART
།		PUNCT
རང་	རང་	PRON
འབྱུང་	འབྱུང་	VERB
མཚམས་མེད་པ་	མཚམས་མེད་པ་	NOUN
ས་	གིས་	PART
མི་	མི་	PART
དགོས་	དགོས་	VERB
སོ་	གོ་	PART
། །		PUNCT
ཆོ་	ཆོ་	NOUN
ཐམས་ཅད་	ཐམས་ཅད་	DET
འདུས་པ་	འདུས་པ་	VERB
འི་	གི་	PART
ཚུལ་	ཚུལ་	NOUN
ལ་	ལ་	PART
གཉིས་	གཉིས་	NUM
ཏེ་	སྟེ་	PART
།		PUNCT
འཁོར་བ་	འཁོར་བ་	NOUN
འི་	གི་	PART
ཆོ་	ཆོ་	NOUN
ཐམས་ཅད་	ཐམས་ཅད་	DET
ལུས་ངག་	ལུས་ངག་	NOUN
ལ་	ལ་	PART
བསྡུ་	བསྡུ་	VERB
ཏེ་	སྟེ་	PART
།		PUNCT
མྱ་ངན་	མྱ་ངན་	NOUN
ལ་	ལ་	ADP
ས་	གིས་	PART
འདས་པ་	འདས་པ་	VERB
འི་	གི་	PART
ཆོ་	ཆོ་	NOUN
ཐམས་ཅད་	ཐམས་ཅད་	DET
དབྱེ་	དབྱེ་	VERB
ར་	ལ་	PART
མེད་པ་	མེད་པ་	VERB
ར་	ལ་	PART
ཤེས་པ་	ཤེས་པ་	VERB
གཉུག་	གཉུག་	NO_POS
མ་	མ་	NOUN
བསྡུ་	བསྡུ་	VERB
འོ་	གོ་	PART
། །		PUNCT
ས་	ས་	ADP
ནོན་པ་	ནོན་པ་	VERB
ལ་	ལ་	PART
གསུམ་	གསུམ་	NUM
སྟེ་	སྟེ་	PART
།		PUNCT
ལས་རྒྱ་	ལས་རྒྱ་	NOUN
མཐ་	མཐའ་	NOUN
ར་	ལ་	PART
ཕྱིན་པ་	ཕྱིན་པ་	VERB
ས་	གིས་	PART
སྣང་གྲག་	སྣང་གྲག་	PROPN
ཐམས་ཅད་	ཐམས་ཅད་	DET
བདེ་བ་	བདེ་བ་	VERB
ར་	ལ་	PART
འཆར་	འཆར་	NO_POS
།		PUNCT
ཆབ་རོམ་	ཆབ་རོམ་	NOUN
ཆུ་		
མཐོང་བ་	མཐོང་བ་	VERB
དང་	དང་	NO_POS
འདྲ་	འདྲ་	VERB
སྟེ་	སྟེ་	PART
།		PUNCT
ཚོགས་ལམ་	ཚོགས་ལམ་	NOUN
།		PUNCT
སྦྱོར་ལམ་	སྦྱོར་ལམ་	NOUN
ས་བཅུ་	ས་བཅུ་	NO_POS
ནོན་	ནོན་	VERB
།		PUNCT
ཆོ་	ཆོ་	NOUN
ཀྱི་	གི་	PART
ཕྱག་རྒྱ་	ཕྱག་རྒྱ་	NOUN
མཐ་	མཐའ་	NOUN
ར་	ལ་	PART
ཕྱིན་	ཕྱིན་	VERB
ན་	ནས་	PART
སྣང་གྲག་	སྣང་གྲག་	PROPN
སེམས་	སེམས་	NOUN
སྐྱེ་	སྐྱེ་	NOUN
མེད་	མེད་	VERB
ཀྱི་	གི་	PART
ཉམས་	ཉམས་	NOUN
དང་	དང་	NO_POS
མི་	མི་	PART
འབྲལ་བ་	འབྲལ་བ་	VERB
།		PUNCT
ཆབ་རོམ་	ཆབ་རོམ་	NOUN
ཆུ་		
ཞུ་བ་	ཞུ་བ་	VERB
ལྟ་བུ་	ལྟ་བུ་	NOUN
སྟེ་	སྟེ་	PART
།		PUNCT
ས་བཅུ་	ས་བཅུ་	NO_POS
གཅིག་	གཅིག་	NUM
ནོན་	ནོན་	VERB
།		PUNCT
མ་	མ་	PART
ཧཱ་		NON_WORD
མུ་	མུ་	NOUN
དྲཱ་		NON_WORD
མཐ་	མཐའ་	NOUN
ར་	ལ་	PART
ཕྱིན་	ཕྱིན་	VERB
ན་	ནས་	PART
ཆོ་	ཆོ་	NOUN
ཐམས་ཅད་	ཐམས་ཅད་	DET
རང་བཞིན་	རང་བཞིན་	NOUN
གྱིས་	གིས་	PART
རྣམ་པ་	རྣམ་པ་	NOUN
ར་	ལ་	PART
དག་པ་	དག་པ་	VERB
།		PUNCT
སྤྲོས་པ་	སྤྲོས་པ་	VERB
ཐམས་ཅད་	ཐམས་ཅད་	DET
དང་	དང་	NO_POS
བྲལ་བ་	བྲལ་བ་	VERB
ར་	ལ་	PART
རྟོགས་པ་	རྟོགས་པ་	VERB
ས་	གིས་	PART
།		PUNCT
ཆབ་རོམ་	ཆབ་རོམ་	NOUN
ཆུ་	ཆུ་	NOUN
རུ་	ལ་	PART
ཞུ་བ་	ཞུ་བ་	VERB
ལྟ་བུ་	ལྟ་བུ་	NOUN
སྟེ་	སྟེ་	PART
།		PUNCT
ས་བཅུ་	ས་བཅུ་	NO_POS
གཉིས་	གཉིས་	NUM
ནོན་	ནོན་	VERB
ནོ་	གོ་	PART
། །		PUNCT
བཟང་པོ་	བཟང་པོ་	ADJ
ཞབས་	ཞབས་	NOUN
ཀྱིས་	གིས་	PART
།		PUNCT
ཏོག་རྩེ་བ་	ཏོག་རྩེ་བ་	NO_POS
ལ་	ལ་	PART
གདམས་	གདམས་	NOUN
སོ་	གོ་	PART
། །		PUNCT
ཏོག་རྩེ་	ཏོག་རྩེ་	NO_POS
བ་	བ་	ADP
ཉམས་	ཉམས་	NOUN
སུ་	ལ་	PART
བླངས་པ་	བླངས་པ་	VERB
ས་	གིས་	PART
རྟོགས་པ་	རྟོགས་པ་	VERB
འདི་ལྟར་	འདི་ལྟར་	NO_POS
སྐྱེ་	སྐྱེ་	VERB
ཏེ་	སྟེ་	PART
།		PUNCT
རང་བཞིན་	རང་བཞིན་	NOUN
ལ་	ལ་	PART
གསུམ་	གསུམ་	NUM
སྟེ་	སྟེ་	PART
།		PUNCT
ངོ་བོ་	ངོ་བོ་	NOUN
དང་	དང་	NO_POS
།		PUNCT
དབྱེ་བ་	དབྱེ་བ་	VERB
དང་	དང་	NO_POS
།		PUNCT
ཁྱད་པར་	ཁྱད་པར་	NOUN
རྟེན་	རྟེན་	NOUN
དུ་	ལ་	PART
སྣང་བ་	སྣང་བ་	VERB
འོ་	གོ་	PART
། །		PUNCT
ངོ་བོ་	ངོ་བོ་	NOUN
ནི་	ནི་	NO_POS
།		PUNCT
ཤེས་པ་	ཤེས་པ་	VERB
གཉུག་	གཉུག་	NO_POS
མ་	མ་	PART
འི་	གི་	PART
ངོ་བོ་	ངོ་བོ་	NOUN
ཉིད་	ཉིད་	DET
། །༼		PUNCT
		
བ་	པ་	PART
༽		PUNCT
སྤྱད་པ་	སྤྱད་པ་	VERB
འི་	གི་	PART
ཡུལ་	ཡུལ་	NOUN
ལ་	ལ་	ADP
ས་	གིས་	PART
འདས་པ་	འདས་པ་	VERB
སྟེ་	སྟེ་	PART
། །		PUNCT
རང་བཞིན་	རང་བཞིན་	NOUN
གྱིས་	གིས་	PART
ནི་	ནི་	NO_POS
འོད་གསལ་བ་	འོད་གསལ་བ་	NO_POS
འི་	གི་	PART
། །		PUNCT
གཉུག་	གཉུག་	NO_POS
མ་	མ་	PART
ཉིད་	ཉིད་	DET
དུ་	ལ་	PART
གནས་པ་	གནས་པ་	VERB
ཡིན་	ཡིན་	NO_POS
། །		PUNCT
བརྟན་	བརྟན་	VERB
དང་	དང་	NO_POS
གཡོ་བ་	གཡོ་བ་	VERB
འི་	གི་	PART
དངོས་པོ་	དངོས་པོ་	NOUN
ཀུན་	ཀུན་	DET
། །		PUNCT
གཉིས་	གཉིས་	NUM
སུ་	ལ་	PART
མེད་པ་	མེད་པ་	VERB
ར་	ལ་	PART
རྣམ་པ་	རྣམ་པ་	NOUN
ར་	ལ་	PART
གནས་	གནས་	NOUN
། །		PUNCT
རང་བཞིན་	རང་བཞིན་	NOUN
གྱིས་	གིས་	PART
ནི་	ནི་	NO_POS
གདོད་	གདོད་	NO_POS
ན་	ནས་	PART
དག་	དག་	DET
།		PUNCT
མཁའ་	མཁའ་	NOUN
ལྟ་	ལྟ་	OTHER
དྲི་མེད་	དྲི་མེད་	ADJ
ས་གཞི་	ས་གཞི་	NOUN
ལ་	ལ་	PART
། །		PUNCT
རང་བྱུང་	རང་བྱུང་	NOUN
རྦ་རླབས་	རྦ་རླབས་	OTHER
མེད་པ་	མེད་པ་	VERB
ནི་	ནི་	NO_POS
། །		PUNCT
རྟོག་པ་	རྟོག་པ་	VERB
ཐམས་ཅད་	ཐམས་ཅད་	DET
རྣམ་པ་	རྣམ་པ་	NOUN
ར་	ལ་	PART
སྤངས་	སྤངས་	VERB
། །		PUNCT
དངོ་	དངོ་	NOUN
དང་	དང་	NO_POS
དངོས་མེད་	དངོས་མེད་	NOUN
རང་བཞིན་	རང་བཞིན་	NOUN
གྱིས་	གིས་	PART
། །		PUNCT
གཉིས་	གཉིས་	NUM
ཀྱི་	གི་	PART
བག་ཆགས་	བག་ཆགས་	NOUN
འཆིང་བ་	འཆིང་བ་	VERB
ཉིད་	ཉིད་	DET
། །		PUNCT
རྟོག་པ་	རྟོག་པ་	VERB
འི་	གི་	PART
དྲི་མ་	དྲི་མ་	NOUN
དྲང་བ་	དྲང་བ་	VERB
ཡི་	གིས་	PART
། །		PUNCT
རིན་ཆེན་	རིན་ཆེན་	OTHER
སེམས་ཅན་	སེམས་ཅན་	NOUN
དྲི་	དྲི་	NOUN
ཅན་	ཅན་	PART
འགྱུར་	འགྱུར་	VERB
། །		PUNCT
རྣམ་པ་	རྣམ་པ་	NOUN
ར་	ལ་	PART
མི་	མི་	PART
རྟོག་	རྟོག་	VERB
རང་བཞིན་	རང་བཞིན་	NOUN
གྱིས་	གིས་	PART
། །		PUNCT
དྲི་མ་	དྲི་མ་	NOUN
བྲལ་	བྲལ་	VERB
ཕྱི་	ཕྱི་	OTHER
སངས་རྒྱས་	སངས་རྒྱས་	NOUN
ཉིད་	ཉིད་	DET
། །		PUNCT
གཉིས་	གཉིས་	NUM
སུ་	ལ་	PART
མེད་པ་	མེད་པ་	VERB
འི་	གི་	PART
ཡེ་ཤེས་	ཡེ་ཤེས་	NOUN
བརྗོད་	བརྗོད་	VERB
། །		PUNCT
ཐམས་ཅད་	ཐམས་ཅད་	DET
མི་	མི་	PART
རྟོག་	རྟོག་	VERB
བདག་ཉིད་	བདག་ཉིད་	NOUN
དུ་	ལ་	PART
། །		PUNCT
རྣལ་འབྱོར་པ་	རྣལ་འབྱོར་པ་	NOUN
ཡི་	གིས་	PART
རྟག་	རྟག་	VERB
ཏུ་	ལ་	PART
བལྟ་	བལྟ་	VERB
། །		PUNCT
སྐྱེས་པ་	སྐྱེས་པ་	VERB
རྣམས་	རྣམས་	DET
ནི་	ནི་	NO_POS
རྒྱུ་	རྒྱུ་	NOUN
ཡིན་	ཡིན་	NO_POS
ཏེ་	སྟེ་	PART
། །		PUNCT
མ་	མ་	PART
སྐྱེས་པ་	སྐྱེས་པ་	VERB
ཡང་	ཀྱང་	PART
དེ་བཞིན་	དེ་བཞིན་	OTHER
ནོ་	གོ་	PART
། །		PUNCT
གཉིས་	གཉིས་	NUM
ཀྱི་	གི་	PART
རྣམ་པ་	རྣམ་པ་	NOUN
དང་	དང་	NO_POS
བྲལ་བ་	བྲལ་བ་	VERB
ས་	གིས་	PART
། །		PUNCT
བསྒོམ་	བསྒོམ་	VERB
བྱ་	བྱ་	VERB
སྒོམ་	སྒོམ་	VERB
བྱེད་	བྱེད་	VERB
སྤངས་པ་	སྤངས་པ་	VERB
འོ་	གོ་	PART
། །		PUNCT
བག་ཆགས་	བག་ཆགས་	NOUN
སྤངས་པ་	སྤངས་པ་	VERB
འི་	གི་	PART
ཡེ་ཤེས་	ཡེ་ཤེས་	NOUN
ནི་	ནི་	NO_POS
། །		PUNCT
བཟང་པོ་	བཟང་པོ་	ADJ
ཞབས་	ཞབས་	NOUN
ཀྱི་	གི་	PART
རིང་	རིང་	NOUN
འོངས་པ་	འོངས་པ་	VERB
། །		PUNCT
ཞེ་	ཅེས་	PART
གསུང་	གསུང་	VERB
ངོ་	གོ་	PART
། །		PUNCT
དབྱེ་བ་	དབྱེ་བ་	VERB
ལ་	ལ་	PART
ཡང་	ཀྱང་	PART
གཉིས་	གཉིས་	NUM
ཏེ་	སྟེ་	PART
།		PUNCT
དག་པ་	དག་པ་	VERB
འི་	གི་	PART
དེ་བཞིན་ཉིད་	དེ་བཞིན་ཉིད་	NOUN
དེ་	སྟེ་	PART
།		PUNCT
སྐུ་གསུམ་	སྐུ་གསུམ་	OTHER
གྱི་	གི་	PART
སྤྲུལ་པ་	སྤྲུལ་པ་	VERB
ར་	ལ་	PART
སྣང་	སྣང་	VERB
།		PUNCT
མ་	མ་	PART
དག་པ་	དག་པ་	VERB
རྣམས་	རྣམས་	DET
ལ་	ལ་	PART
སེམས་ཅན་	སེམས་ཅན་	NOUN
གྱི་	གི་	PART
སྤྲུལ་པ་	སྤྲུལ་པ་	VERB
ར་	ལ་	PART
སྣང་ངོ་	སྣང་ངོ་	NOUN
། །		PUNCT
ཁྱད་པར་	ཁྱད་པར་	NOUN
རྟེན་	རྟེན་	NOUN
དུ་	ལ་	PART
སྣང་བ་	སྣང་བ་	VERB
ལ་	ལ་	PART
གཉིས་	གཉིས་	NUM
ཏེ་	སྟེ་	PART
།		PUNCT
རིན་པོ་ཆེ་	རིན་པོ་ཆེ་	ADJ
ལྟ་བུ་	ལྟ་བུ་	NOUN
འི་	གི་	PART
གང་ཟག་	གང་ཟག་	NOUN
ལ་	ལ་	PART
འཁོར་འདས་	འཁོར་འདས་	NOUN
ཐམས་ཅད་	ཐམས་ཅད་	DET
མཉམ་པ་	མཉམ་པ་	VERB
ར་	ལ་	PART
རྟོགས་	རྟོགས་	VERB
།		PUNCT
ཐུན་མོང་	ཐུན་མོང་	ADJ
བ་	བ་	ADP
སོ་སོ་	སོ་སོ་	PRON
ར་	ལ་	PART
མཐོང་བ་	མཐོང་བ་	VERB
ལ་	ལ་	PART
གསུམ་	གསུམ་	NUM
སྟེ་	སྟེ་	PART
།		PUNCT
ཕྱི་	ཕྱི་	NOUN
འི་	གི་	PART
ཉི་ཟླ་	ཉི་ཟླ་	NOUN
གཟ་	གཟའ་	NOUN
ས་	གིས་	PART
ཟིན་	ཟིན་	VERB
།		PUNCT
ནང་	ནང་	NOUN
གི་	གི་	PART
ཉི་ཟླ་	ཉི་ཟླ་	NOUN
གཟ་	གཟའ་	NOUN
ས་	གིས་	PART
ཟིན་	ཟིན་	VERB
།		PUNCT
གསང་བ་	གསང་བ་	VERB
འི་	གི་	PART
ཉི་ཟླ་	ཉི་ཟླ་	NOUN
གཟ་	གཟའ་	NOUN
ས་	གིས་	PART
ཟིན་	ཟིན་	VERB
ནོ་	གོ་	PART
། །		PUNCT
ཕྱི་	ཕྱི་	NOUN
འི་	གི་	PART
ཉི་ཟླ་	ཉི་ཟླ་	NOUN
གཟ་	གཟའ་	NOUN
ས་	གིས་	PART
ཟིན་	ཟིན་	VERB
ནི་	ནི་	NO_POS
།		PUNCT
ལས་རྒྱ་	ལས་རྒྱ་	NOUN
འི་	གི་	PART
དུས་	དུས་	NOUN
སུ་	ལ་	PART
ཡིད་	ཡིད་	NOUN
བཟོད་	བཟོད་	VERB
ཅིང་	ཅིང་	PART
རླུང་	རླུང་	NOUN
དག་	དག་	DET
།		PUNCT
ནང་	ནང་	NOUN
གི་	གི་	PART
ཉི་ཟླ་	ཉི་ཟླ་	NOUN
གཟ་	གཟའ་	NOUN
ས་	གིས་	PART
ཟིན་	ཟིན་	VERB
ནི་	ནི་	NO_POS
། །		PUNCT
ཚོགས་	ཚོགས་	NOUN
དྲུག་	དྲུག་	NUM
ལྷུག་པ་	ལྷུག་པ་	NO_POS
ར་	ལ་	PART
བཞག་པ་	བཞག་པ་	VERB
ས་	གིས་	PART
སེམས་	སེམས་	NOUN
གཡོ་བ་	གཡོ་བ་	VERB
མེད་	མེད་	VERB
། །		PUNCT
གསང་བ་	གསང་བ་	VERB
འི་	གི་	PART
ཉི་ཟླ་	ཉི་ཟླ་	NOUN
གཟ་	གཟའ་	NOUN
ས་	གིས་	PART
ཟིན་	ཟིན་	VERB
ནི་	ནི་	NO_POS
།		PUNCT
རླུང་	རླུང་	NOUN
རྒྱུ་བ་	རྒྱུ་བ་	VERB
མེད་པ་	མེད་པ་	VERB
འི་	གི་	PART
དུས་	དུས་	NOUN
སུ་	ལ་	PART
ཆོ་	ཆོ་	NOUN
ཀྱི་	གི་	PART
ཕྱག་རྒྱ་	ཕྱག་རྒྱ་	NOUN
ས་	གིས་	PART
རྒྱ་	རྒྱ་	VERB
གདབ་	གདབ་	NO_POS
ཅིང་	ཅིང་	PART
སྒོམ་	སྒོམ་	VERB
།		PUNCT
སྤྱོད་ལམ་	སྤྱོད་ལམ་	NOUN
ལ་	ལ་	PART
༼		PUNCT
		
ན་	ལ་	PART
༽		PUNCT
གསུམ་	གསུམ་	NUM
སྟེ་	སྟེ་	PART
།		PUNCT
ཚོགས་	ཚོགས་	NOUN
དྲུག་	དྲུག་	NUM
ཅིར་	ཅིར་	NO_POS
སྣང་	སྣང་	VERB
ཐམས་ཅད་	ཐམས་ཅད་	DET
དགག་སྒྲུབ་	དགག་སྒྲུབ་	OTHER
མེད་པ་	མེད་པ་	VERB
ར་	ལ་	PART
སྤྱོད་	སྤྱོད་	VERB
དོ་	གོ་	PART
། །		PUNCT
དབང་པོ་	དབང་པོ་	NOUN
འི་	གི་	PART
པད་མ་	པད་མ་	NOUN
ཉམས་	ཉམས་	NOUN
སུ་	ལ་	PART
མྱོང་བ་	མྱོང་བ་	VERB
ས་	གིས་	PART
ཡེ་ཤེས་	ཡེ་ཤེས་	NOUN
ངོ་	ངོ་	NOUN
གཟུང་	གཟུང་	VERB
།		PUNCT
སྙིང་	སྙིང་	NOUN
ཀ་	ཀ་	DET
འི་	གི་	PART
པད་མ་	པད་མ་	NOUN
ཉམས་	ཉམས་	NOUN
སུ་	ལ་	PART
མྱོང་བ་	མྱོང་བ་	VERB
ས་	གིས་	PART
གཉིད་	གཉིད་	NOUN
དང་	དང་	NO_POS
སྲེ་	སྲེ་	NO_POS
།		PUNCT
ནམ་མཁ་	ནམ་མཁའ་	NOUN
འི་	གི་	PART
པདྨ་	པདྨ་	NOUN
ཉམས་	ཉམས་	NOUN
སུ་	ལ་	PART
མྱོང་བ་	མྱོང་བ་	VERB
ས་	གིས་	PART
ཤེས་པ་	ཤེས་པ་	VERB
རང་	རང་	PRON
ག་	ག་	NOUN
འདོད་	འདོད་	VERB
ཀྱི་	གི་	PART
གནས་	གནས་	NOUN
སུ་	ལ་	PART
བསྐྱལ་	བསྐྱལ་	NO_POS
།		PUNCT
དེ་	སྟེ་	PART
ལ་	ལ་	PART
དབང་པོ་	དབང་པོ་	NOUN
དམན་པ་	དམན་པ་	VERB
ནི་	ནི་	NO_POS
།		PUNCT
མིག་	མིག་	NOUN
གིས་	གིས་	PART
གཟུགས་	གཟུགས་	NOUN
ཆེ་	ཆེ་	VERB
ར་	ལ་	PART
མཐོང་བ་	མཐོང་བ་	VERB
འི་	གི་	PART
དུས་	དུས་	NOUN
སུ་	ལ་	PART
ཤེས་པ་	ཤེས་པ་	VERB
སྔ་མ་	སྔ་མ་	ADJ
ནི་	ནི་	NO_POS
འགག་	འགག་	VERB
ས་	གིས་	PART
།		PUNCT
ཕྱི་མ་	ཕྱི་མ་	ADJ
མ་	མ་	PART
སྐྱེས་པ་	སྐྱེས་པ་	VERB
འི་	གི་	PART
བ་	བ་	NOUN
ན་	ལ་	PART
།		PUNCT
ཤེས་པ་	ཤེས་པ་	VERB
བྱ་	བྱ་	VERB
ལམ་	གམ་	PART
རྗེས་མེད་	རྗེས་མེད་	NO_POS
བཞིན་	བཞིན་	NOUN
།		PUNCT
རྒྱུ་བ་	རྒྱུ་བ་	VERB
ཡང་	ཀྱང་	PART
མེད་	མེད་	VERB
།		PUNCT
སྤྲོས་པ་	སྤྲོས་པ་	VERB
ཡང་	ཀྱང་	PART
མེད་	མེད་	VERB
།		PUNCT
མཉམ་ཉིད་	མཉམ་ཉིད་	NOUN
དུ་	ལ་	PART
གནས་པ་	གནས་པ་	VERB
འི་	གི་	PART
དུས་	དུས་	NOUN
སུ་	ལ་	PART
།		PUNCT
རོ་	རོ་	NOUN
རྐྱང་	རྐྱང་	OTHER
ན་	ནས་	PART
རླུང་	རླུང་	NOUN
ལོག་	ལོག་	VERB
ན་	ནས་	PART
གནས་	གནས་	NOUN
།		PUNCT
རླུང་	རླུང་	NOUN
ཞུགས་པ་	ཞུགས་པ་	VERB
འི་	གི་	PART
རྟགས་	རྟགས་	NOUN
ཚོགས་	ཚོགས་	NOUN
དྲུག་	དྲུག་	NUM
འདྲ་	འདྲ་	VERB
འོ་	གོ་	PART
། །		PUNCT
ཆོ་	ཆོ་	NOUN
ཐམས་ཅད་	ཐམས་ཅད་	DET
འདུས་པ་	འདུས་པ་	VERB
འི་	གི་	PART
ཚུལ་	ཚུལ་	NOUN
ལ་	ལ་	PART
གཉིས་	གཉིས་	NUM
ཏེ་	སྟེ་	PART
།		PUNCT
དག་པ་	དག་པ་	VERB
ས་	ས་	ADP
གསུམ་	གསུམ་	NUM
འཁོར་འདས་	འཁོར་འདས་	NOUN
ལྷན་ཅིག་	ལྷན་ཅིག་	OTHER
སྐྱེས་པ་	སྐྱེས་པ་	VERB
མྱ་ངན་	མྱ་ངན་	NOUN
ལ་	ལ་	ADP
ས་	གིས་	PART
འདས་པ་	འདས་པ་	VERB
ར་	ལ་	PART
འདུ་	འདུ་	VERB
སོ་	གོ་	PART
། །		PUNCT
ས་	ས་	ADP
ནོན་པ་	ནོན་པ་	VERB
འི་	གི་	PART
རིམ་པ་	རིམ་པ་	NOUN
ནི་	ནི་	NO_POS
།		PUNCT
ཚོགས་ལམ་	ཚོགས་ལམ་	NOUN
ས་	ས་	ADP
བརྒྱད་	བརྒྱད་	NUM
།		PUNCT
སྦྱོར་ལམ་	སྦྱོར་ལམ་	NOUN
ས་	ས་	ADP
དགུ་	དགུ་	NUM
།		PUNCT
སྒོམ་ལམ་	སྒོམ་ལམ་	NOUN
ས་བཅུ་	ས་བཅུ་	NO_POS
།		PUNCT
མི་	མི་	PART
སློབ་	སློབ་	VERB
ལམ་	གམ་	PART
བཅུ་བཞི་	བཅུ་བཞི་	NO_POS
འོ་	གོ་	PART
། །		PUNCT
ཏོག་རྩེ་པ་	ཏོག་རྩེ་པ་	NO_POS
ས་	གིས་	PART
།		PUNCT
ལྭ་བ་པ་	ལྭ་བ་པ་	NO_POS
ལ་	ལ་	PART
གདམས་	གདམས་	NOUN
སོ་	གོ་	PART
།། །།		PUNCT
ལྭ་བ་པ་	ལྭ་བ་པ་	NO_POS
ས་	གིས་	PART
ཉམས་	ཉམས་	NOUN
སུ་	ལ་	PART
བླངས་པ་	བླངས་པ་	VERB
ས་	གིས་	PART
།		PUNCT
རྟོགས་པ་	རྟོགས་པ་	VERB
འདི་ལྟར་	འདི་ལྟར་	NO_POS
སྐྱེ་	སྐྱེ་	VERB
ཏེ་	སྟེ་	PART
།		PUNCT
རང་བཞིན་	རང་བཞིན་	NOUN
ལ་	ལ་	PART
གསུམ་	གསུམ་	NUM
།		PUNCT
ངོ་བོ་	ངོ་བོ་	NOUN
།		PUNCT
དབྱེ་བ་	དབྱེ་བ་	VERB
།		PUNCT
ཁྱད་པར་	ཁྱད་པར་	NOUN
རྟེན་	རྟེན་	NOUN
དུ་	ལ་	PART
སྣང་བ་	སྣང་བ་	VERB
འོ་	གོ་	PART
། །		PUNCT
ངོ་བོ་	ངོ་བོ་	NOUN
ནི་	ནི་	NO_POS
།		PUNCT
གསུམ་པ་	གསུམ་པ་	NUM
འི་	གི་	PART
དུས་	དུས་	NOUN
ཀྱི་	གི་	PART
དེ་	དེ་	DET
འོ་	གོ་	PART
། །		PUNCT
དབྱེ་བ་	དབྱེ་བ་	VERB
ལ་	ལ་	PART
གཉིས་	གཉིས་	NUM
ལ་	ལ་	ADP
ས་	གིས་	PART
།		PUNCT
མ་	མ་	PART
དག་པ་	དག་པ་	VERB
འི་	གི་	PART
དེ་བཞིན་ཉིད་	དེ་བཞིན་ཉིད་	NOUN
ནི་	ནི་	NO_POS
།		PUNCT
མི་	མི་	PART
རྟོག་པ་	རྟོག་པ་	VERB
དང་	དང་	NO_POS
བྲལ་	བྲལ་	VERB
ན་	ནས་	PART
སྒྲིབ་པ་	སྒྲིབ་པ་	VERB
ནི་	ནི་	NO_POS
སྲིད་པ་	སྲིད་པ་	VERB
བར་དོ་	བར་དོ་	NOUN
ར་	ལ་	PART
བརྒྱལ་	བརྒྱལ་	NO_POS
ན་	ནས་	PART
གནས་	གནས་	NOUN
སོ་	གོ་	PART
། །		PUNCT
དག་པ་	དག་པ་	VERB
འི་	གི་	PART
དེ་བཞིན་ཉིད་	དེ་བཞིན་ཉིད་	NOUN
ནི་	ནི་	NO_POS
།		PUNCT
བླ་མ་	བླ་མ་	NOUN
འི་	གི་	PART
གདམས་ངག་	གདམས་ངག་	NOUN
ལ་	ལ་	PART
བརྟེན་	བརྟེན་	VERB
ན་	ནས་	PART
རང་བཞིན་	རང་བཞིན་	NOUN
འོད་གསལ་	འོད་གསལ་	NOUN
ངོ་	གོ་	PART
ཤེ་	ཤེ་	VERB
ཏེ་	སྟེ་	PART
བར་དོ་	བར་དོ་	NOUN
ར་	ལ་	PART
སངས་	སངས་	VERB
རྒྱ་	རྒྱ་	NOUN
འོ་	གོ་	PART
། །		PUNCT
ཁྱད་པར་	ཁྱད་པར་	NOUN
རྟེན་	རྟེན་	NOUN
དུ་	ལ་	PART
སྣང་བ་	སྣང་བ་	VERB
ནི་	ནི་	NO_POS
།		PUNCT
གསུམ་པ་	གསུམ་པ་	NUM
འི་	གི་	PART
དབང་	དབང་	NOUN
ཐོབ་པ་	ཐོབ་པ་	VERB
འི་	གི་	PART
ཁྱད་པར་	ཁྱད་པར་	NOUN
རོ་	རོ་	NOUN
། །		PUNCT
ཐབས་	ཐབས་	NOUN
ནི་	ནི་	NO_POS
།		PUNCT
ལུས་སེམས་	ལུས་སེམས་	NOUN
མ་	མ་	PART
བཅོ་	བཅོ་	NUM
ས་	གིས་	PART
ཞི་བ་	ཞི་བ་	VERB
འི་	གི་	PART
རླུང་	རླུང་	NOUN
དེ་	སྟེ་	PART
ལ་	ལ་	PART
།		PUNCT
ཉམས་	ཉམས་	NOUN
ལ་	ལ་	PART
རྙོག་པ་	རྙོག་པ་	VERB
མ་	མ་	PART
ལངས་	ལངས་	VERB
བ་	བ་	NOUN
དུ་	ལ་	PART
གསུམ་པ་	གསུམ་པ་	NUM
འི་	གི་	PART
ཉམས་	ཉམས་	NOUN
ལས་མ་	ལས་མ་	NO_POS
ཡེངས་པ་	ཡེངས་པ་	VERB
ར་	ལ་	PART
བྱ་	བྱ་	VERB
འོ་	གོ་	PART
། །		PUNCT
སྤྱོད་ལམ་	སྤྱོད་ལམ་	NOUN
ནི་	ནི་	NO_POS
།		PUNCT
ཕྱི་	ཕྱི་	NOUN
༼		PUNCT
		
བ་	པ་	PART
༽		PUNCT
ནང་	ནང་	NOUN
གི་	གི་	PART
ཆོ་	ཆོ་	NOUN
ལ་	ལ་	PART
ཕྱོགས་རིས་	ཕྱོགས་རིས་	NOUN
སུ་	ལ་	PART
མི་	མི་	PART
འཛིན་པ་	འཛིན་པ་	VERB
འི་	གི་	PART
ཉམས་	ཉམས་	NOUN
།		PUNCT
ཆོ་	ཆོ་	NOUN
ཐམས་ཅད་	ཐམས་ཅད་	DET
ཁོང་ཡངས་	ཁོང་ཡངས་	NO_POS
ཤིང་	ཅིང་	PART
སྤོང་	སྤོང་	VERB
ལེན་	ལེན་	VERB
མི་	མི་	PART
བྱེད་པ་	བྱེད་པ་	VERB
ནི་	ནི་	NO_POS
གོམས་པ་	གོམས་པ་	VERB
འི་	གི་	PART
ཉམས་	ཉམས་	NOUN
།		PUNCT
གང་	གང་	NO_POS
ལ་	ལ་	PART
ཡང་	ཀྱང་	PART
སྐྱོན་	སྐྱོན་	NOUN
དུ་	ལ་	PART
མི་	མི་	PART
ལྟ་	ལྟ་	NOUN
དངོས་པོ་	དངོས་པོ་	NOUN
ར་	ལ་	PART
མི་	མི་	PART
འཛིན་པ་	འཛིན་པ་	VERB
ནི་	ནི་	NO_POS
ཤེས་རབ་	ཤེས་རབ་	NOUN
ཀྱི་	གི་	PART
ཉམས་	ཉམས་	NOUN
སོ་	གོ་	PART
། །		PUNCT
སྐྱོན་	སྐྱོན་	NOUN
གང་	གང་	NO_POS
ལ་	ལ་	PART
ཡང་	ཀྱང་	PART
རྟོགས་པ་	རྟོགས་པ་	VERB
མེད་	མེད་	VERB
།		PUNCT
ཡོན་ཏན་	ཡོན་ཏན་	NOUN
གང་	གང་	NO_POS
ལ་	ལ་	PART
ཡང་	ཀྱང་	PART
ཆགས་པ་	ཆགས་པ་	VERB
མེད་པ་	མེད་པ་	VERB
ནི་	ནི་	NO_POS
བསྒོམ་པ་	བསྒོམ་པ་	VERB
འི་	གི་	PART
ཉམས་	ཉམས་	NOUN
།		PUNCT
འཁོར་བ་	འཁོར་བ་	NOUN
འི་	གི་	PART
ཆོ་	ཆོ་	NOUN
མི་	མི་	PART
སྤོང་	སྤོང་	VERB
།		PUNCT
མྱ་ངན་	མྱ་ངན་	NOUN
ལ་	ལ་	ADP
ས་	གིས་	PART
འདས་པ་	འདས་པ་	VERB
འི་	གི་	PART
ཆོ་	ཆོ་	NOUN
མི་	མི་	PART
བསྒྲུབ་པ་	བསྒྲུབ་པ་	VERB
ནི་	ནི་	NO_POS
ཉམས་	ཉམས་	NOUN
སུ་	ལ་	PART
ལེན་པ་	ལེན་པ་	VERB
འི་	གི་	PART
ཉམས་	ཉམས་	NOUN
།		PUNCT
བདེ་བ་	བདེ་བ་	VERB
ལ་	ལ་	PART
འདོད་པ་	འདོད་པ་	VERB
མི་	མི་	PART
སྐྱེ་	སྐྱེ་	NOUN
།		PUNCT
སྡུག་བསྔལ་	སྡུག་བསྔལ་	NOUN
ལ་	ལ་	PART
སྐྱོན་	སྐྱོན་	NOUN
དུ་	ལ་	PART
མི་ལྟ་བ་	མི་ལྟ་བ་	NO_POS
ནི་	ནི་	NO_POS
གྲུབ་པ་	གྲུབ་པ་	VERB
འི་	གི་	PART
ཉམས་	ཉམས་	NOUN
།		PUNCT
སྤྱོད་ལམ་	སྤྱོད་ལམ་	NOUN
རྣམ་	རྣམ་	NOUN
བཞི་	བཞི་	NUM
ལ་	ལ་	PART
ཡང་	ཀྱང་	PART
ཡེངས་པ་	ཡེངས་པ་	VERB
མེད་	མེད་	VERB
ལ་	ལ་	PART
སྔ་ཕྱི་	སྔ་ཕྱི་	ADJ
འགྱུར་བ་	འགྱུར་བ་	VERB
མེད་པ་	མེད་པ་	VERB
ནི་	ནི་	NO_POS
ཀློང་	ཀློང་	NOUN
དུ་	ལ་	PART
གྱུར་པ་	གྱུར་པ་	VERB
འི་	གི་	PART
ཉམས་	ཉམས་	NOUN
།		PUNCT
ལྷན་ནེ་	ལྷན་ནེ་	ADJ
ལྷང་ངེ་	ལྷང་ངེ་	ADJ
ས་	གིས་	PART
སལ་	སལ་	NO_POS
ལེ་	ལེ་	NO_POS
སིང་	སིང་	NO_POS
ངེ་	ངེ་	NO_POS
རྒྱུན་	རྒྱུན་	NOUN
དུ་	ལ་	PART
གནས་པ་	གནས་པ་	VERB
ནི་	ནི་	NO_POS
མཐ་	མཐའ་	NOUN
ར་	ལ་	PART
ཕྱིན་པ་	ཕྱིན་པ་	VERB
འི་	གི་	PART
ཉམས་	ཉམས་	NOUN
སོ་	གོ་	PART
། །		PUNCT
ཆོ་	ཆོ་	NOUN
ཐམས་ཅད་	ཐམས་ཅད་	DET
འདུས་པ་	འདུས་པ་	VERB
འི་	གི་	PART
ཚུལ་	ཚུལ་	NOUN
ནི་	ནི་	NO_POS
།		PUNCT
དོན་དམ་པ་	དོན་དམ་པ་	NOUN
ཡིད་	ཡིད་	NOUN
ལ་	ལ་	PART
མི་	མི་	PART
བྱེད་པ་	བྱེད་པ་	VERB
འོ་	གོ་	PART
། །		PUNCT
དེ་	དེ་	DET
འི་	གི་	PART
དམ་ཚིག་	དམ་ཚིག་	NOUN
ཕྱི་རོལ་	ཕྱི་རོལ་	NOUN
གྱི་	གི་	PART
སྦྱིན་སྲེག་	སྦྱིན་སྲེག་	NOUN
ལ་སོགས་པ་	ལ་སོགས་པ་	NO_POS
འོ་	གོ་	PART
། །		PUNCT
ས་	ས་	ADP
ནོན་པ་	ནོན་པ་	VERB
ནི་	ནི་	NO_POS
།		PUNCT
འཆི་ཀ་	འཆི་ཀ་	NO_POS
འི་	གི་	PART
དུས་	དུས་	NOUN
དབུགས་	དབུགས་	NOUN
ཉལ་	ཉལ་	NO_POS
གྱིས་	གིས་	PART
འཆད་	འཆད་	VERB
དེ་	སྟེ་	PART
ཙ་ན་	ཙ་ན་	NO_POS
།		PUNCT
རོ་	རོ་	NOUN
རྐྱང་	རྐྱང་	OTHER
ན་	ནས་	PART
རླུང་	རླུང་	NOUN
ལོག་	ལོག་	VERB
ན་	ནས་	PART
ཀུན་	ཀུན་	DET
འད་	འདའ་	VERB
ར་	ལ་	PART
དུ་	ལ་	PART
ཞུགས་པ་	ཞུགས་པ་	VERB
ས་	གིས་	PART
།		PUNCT
ཞེན་པ་	ཞེན་པ་	VERB
མེད་པ་	མེད་པ་	VERB
ར་	ལ་	PART
བདེ་བ་	བདེ་བ་	VERB
།		PUNCT
ཡེ་ཤེས་	ཡེ་ཤེས་	NOUN
ཕྱི་	ཕྱི་	NOUN
འི་	གི་	PART
མི་	མི་	PART
རྟོག་པ་	རྟོག་པ་	VERB
ཅིག་	ཅིག་	PART
འོང་	འོང་	VERB
སྟེ་	སྟེ་	PART
།		PUNCT
དེ་	སྟེ་	PART
ནི་	ནི་	NO_POS
འཆི་བ་	འཆི་བ་	VERB
འི་	གི་	PART
དོན་དམ་པ་	དོན་དམ་པ་	NOUN
ཆོས་སྐུ་	ཆོས་སྐུ་	NOUN
ཞེ་	ཅེས་	PART
བྱ་	བྱ་	VERB
།		PUNCT
དེ་	སྟེ་	PART
ལ་མ་	ལ་མ་	NO_POS
རིག་པ་	རིག་པ་	VERB
ངོ་	གོ་	PART
ཤེས་པ་	ཤེས་པ་	VERB
ས་	གིས་	PART
རང་བཞིན་	རང་བཞིན་	NOUN
གྱི་	གི་	PART
འོད་གསལ་	འོད་གསལ་	NOUN
དང་	དང་	NO_POS
སྲེ་	སྲེ་	NO_POS
ཤེ་	ཤེ་	VERB
ན་	ལ་	PART
ས་བཅུ་	ས་བཅུ་	NO_POS
བཞི་	བཞི་	NUM
ནོན་	ནོན་	VERB
ན་	ནས་	PART
བར་དོ་	བར་དོ་	NOUN
ར་	ལ་	PART
སངས་	སངས་	VERB
རྒྱ་	རྒྱ་	NOUN
འོ་	གོ་	PART
། །		PUNCT
ལྭ་བ་པ་	ལྭ་བ་པ་	NO_POS
ས་	གིས་	PART
།		PUNCT
ཏཻ་		NON_WORD
ལོ་པ་	ལོ་པ་	NO_POS
ལ་	ལ་	ADP
འོ་	གོ་	PART
།། །།		PUNCT
ཏཻ་		NON_WORD
ལོ་པ་	ལོ་པ་	NO_POS
ས་	གིས་	PART
ཉམས་	ཉམས་	NOUN
སུ་	ལ་	PART
བླངས་པ་	བླངས་པ་	VERB
ས་	གིས་	PART
རྟོགས་པ་	རྟོགས་པ་	VERB
འདི་ལྟར་	འདི་ལྟར་	NO_POS
སྐྱེ་	སྐྱེ་	VERB
ཏེ་	སྟེ་	PART
།		PUNCT
རང་བཞིན་	རང་བཞིན་	NOUN
ལ་	ལ་	PART
གསུམ་	གསུམ་	NUM
།		PUNCT
ངོ་བོ་	ངོ་བོ་	NOUN
།		PUNCT
དབྱེ་བ་	དབྱེ་བ་	VERB
།		PUNCT
ཁྱད་པར་	ཁྱད་པར་	NOUN
རྟེན་	རྟེན་	NOUN
དུ་	ལ་	PART
སྣང་བ་	སྣང་བ་	VERB
འོ་	གོ་	PART
། །		PUNCT
ངོ་བོ་	ངོ་བོ་	NOUN
ནི་	ནི་	NO_POS
མི་	མི་	PART
མནོ་	མནོ་	NO_POS
།		PUNCT
མི་	མི་	PART
བསམ་	བསམ་	NOUN
།		PUNCT
མི་	མི་	PART
སྒོམ་	སྒོམ་	VERB
།		PUNCT
མི་	མི་	PART
སེམས་	སེམས་	NOUN
།		PUNCT
མི་	མི་	PART
དཔྱད་	དཔྱད་	VERB
།		PUNCT
རྣམ་པ་	རྣམ་པ་	NOUN
ར་	ལ་	PART
དག་པ་	དག་པ་	VERB
འི་	གི་	PART
རང་བཞིན་	རང་བཞིན་	NOUN
དེ་	སྟེ་	PART
། །		PUNCT
གང་	གང་	NO_POS
གིས་	གིས་	PART
སྤྱོད་ཡུལ་	སྤྱོད་ཡུལ་	NOUN
ལམ་	གམ་	PART
ལ་	ལ་	ADP
ས་	གིས་	PART
འདའ་	འདའ་	VERB
། །		PUNCT
གདོད་	གདོད་	NO_POS
ན་	ནས་	PART
གཉིས་	གཉིས་	NUM
མེད་	མེད་	VERB
གནས་པ་	གནས་པ་	VERB
ཉིད་	ཉིད་	DET
། །		PUNCT
འགྱུར་བ་	འགྱུར་བ་	VERB
མེད་པ་	མེད་པ་	VERB
འདུས་མ་བྱས་	འདུས་མ་བྱས་	NO_POS
། །		PUNCT
དུས་གསུམ་	དུས་གསུམ་	OTHER
སངས་རྒྱས་	སངས་རྒྱས་	NOUN
ཀུན་	ཀུན་	DET
གྱི་	གི་	PART
གནས་	གནས་	NOUN
། །		PUNCT
དབྱེ་བ་	དབྱེ་བ་	VERB
ལ་	ལ་	PART
གཉིས་	གཉིས་	NUM
ཏེ་	སྟེ་	PART
།		PUNCT
དག་པ་	དག་པ་	VERB
འི་	གི་	PART
དེ་	སྟེ་	PART
༼		PUNCT
		
ན་	ལ་	PART
༽		PUNCT
བཞིན་	བཞིན་	NOUN
ཉིད་	ཉིད་	DET
ལ་	ལ་	PART
ནི་	ནི་	NO_POS
འཁོར་འདས་	འཁོར་འདས་	NOUN
གཉིས་	གཉིས་	NUM
མེད་	མེད་	VERB
བསྐྱེད་པ་	བསྐྱེད་པ་	VERB
འོ་	གོ་	PART
། །		PUNCT
མ་	མ་	PART
དག་པ་	དག་པ་	VERB
འི་	གི་	PART
དེ་བཞིན་ཉིད་	དེ་བཞིན་ཉིད་	NOUN
ནི་	ནི་	NO_POS
།		PUNCT
དངོས་པོ་	དངོས་པོ་	NOUN
མི་	མི་	PART
བདེན་	བདེན་	VERB
བརྫུན་པ་	བརྫུན་པ་	VERB
ལ་	ལ་	PART
།		PUNCT
མཚན་མ་	མཚན་མ་	NOUN
ར་	ལ་	PART
འཛིན་པ་	འཛིན་པ་	VERB
།		PUNCT
ཡང་དག་	ཡང་དག་	ADJ
ཏུ་	ལ་	PART
འཛིན་པ་	འཛིན་པ་	VERB
ས་	གིས་	PART
ཁམས་	ཁམས་	NOUN
གསུམ་	གསུམ་	NUM
དུ་	ལ་	PART
འཁོར་བ་	འཁོར་བ་	NOUN
ར་	ལ་	PART
འཁྱམས་	འཁྱམས་	NO_POS
སོ་	གོ་	PART
། །		PUNCT
ཁྱད་པར་	ཁྱད་པར་	NOUN
རྟེན་	རྟེན་	NOUN
དུ་	ལ་	PART
སྣང་བ་	སྣང་བ་	VERB
ལ་	ལ་	PART
དྲུག་	དྲུག་	NUM
སྟེ་	སྟེ་	PART
།		PUNCT
དབང་	དབང་	NOUN
བཞི་	བཞི་	NUM
ས་	གིས་	PART
དུག་	དུག་	NOUN
ལྔ་ལམ་	ལྔ་ལམ་	NO_POS
དུ་	ལ་	PART
འཁྱེར་བ་	འཁྱེར་བ་	VERB
འི་	གི་	PART
ཁྱད་པར་	ཁྱད་པར་	NOUN
།		PUNCT
བསྐྱེད་རྫོགས་	བསྐྱེད་རྫོགས་	NOUN
ཐ་	ཐ་	NOUN
མི་	མི་	PART
དད་	དད་	VERB
དུ་	ལ་	PART
བསྒོམས་པ་	བསྒོམས་པ་	VERB
ས་	གིས་	PART
སྐུ་གསུམ་	སྐུ་གསུམ་	OTHER
རྒྱུན་	རྒྱུན་	NOUN
མི་འཆད་པ་	མི་འཆད་པ་	NO_POS
འི་	གི་	PART
ཐབས་	ཐབས་	NOUN
སྣ་ཚོགས་	སྣ་ཚོགས་	DET
ཀྱི་	གི་	PART
ཁྱད་པར་	ཁྱད་པར་	NOUN
།		PUNCT
ཤེས་རབ་	ཤེས་རབ་	NOUN
ཙམ་	ཙམ་	DET
བསྒོམ་པ་	བསྒོམ་པ་	VERB
ས་	གིས་	PART
འཁོར་འདས་	འཁོར་འདས་	NOUN
དགག་སྒྲུབ་	དགག་སྒྲུབ་	OTHER
མེད་པ་	མེད་པ་	VERB
འི་	གི་	PART
ཁྱད་པར་	ཁྱད་པར་	NOUN
།		PUNCT
དབང་	དབང་	NOUN
གསུམ་པ་	གསུམ་པ་	NUM
ས་	གིས་	PART
དོན་	དོན་	NOUN
གྱི་	གི་	PART
ཡེ་ཤེས་	ཡེ་ཤེས་	NOUN
ངོས་ཟིན་པ་	ངོས་ཟིན་པ་	NO_POS
འི་	གི་	PART
ཁྱད་པར་	ཁྱད་པར་	NOUN
།		PUNCT
ཐ་མལ་	ཐ་མལ་	ADJ
གྱི་	གི་	PART
གཉིད་	གཉིད་	NOUN
འོད་གསལ་	འོད་གསལ་	NOUN
དུ་	ལ་	PART
ལོག་པ་	ལོག་པ་	VERB
འི་	གི་	PART
ཁྱད་པར་	ཁྱད་པར་	NOUN
།		PUNCT
འཆི་ཀ་	འཆི་ཀ་	NO_POS
འི་	གི་	PART
གདམས་པ་	གདམས་པ་	VERB
ས་	གིས་	PART
ཤེས་པ་	ཤེས་པ་	VERB
རང་	རང་	PRON
ག་	ག་	NOUN
འདོད་	འདོད་	VERB
དུ་	ལ་	PART
བསྐྱལ་བ་	བསྐྱལ་བ་	VERB
འི་	གི་	PART
ཁྱད་པར་	ཁྱད་པར་	NOUN
རོ་	རོ་	NOUN
། །		PUNCT
ཐབས་	ཐབས་	NOUN
ལ་	ལ་	PART
གསུམ་	གསུམ་	NUM
སྟེ་	སྟེ་	PART
།		PUNCT
ལུས་སེམས་	ལུས་སེམས་	NOUN
རྣལ་	རྣལ་	VERB
དུ་	ལ་	PART
ཕབ་	ཕབ་	VERB
ལ་	ལ་	PART
ཤེས་པ་	ཤེས་པ་	VERB
ནམ་མཁ་	ནམ་མཁའ་	NOUN
འི་	གི་	PART
མཚན་ཉིད་	མཚན་ཉིད་	NOUN
ལྟ་བུ་	ལྟ་བུ་	NOUN
ར་	ལ་	PART
རང་	རང་	PRON
ནུས་པ་	ནུས་པ་	VERB
བསྐྱེད་	བསྐྱེད་	VERB
།		PUNCT
རྐྱེན་	རྐྱེན་	NOUN
གྱིས་	གིས་	PART
མི་	མི་	PART
འཇིགས་པ་	འཇིགས་པ་	VERB
འི་	གི་	PART
བདེ་	བདེ་	VERB
གསལ་	གསལ་	VERB
མི་	མི་	PART
རྟོག་པ་	རྟོག་པ་	VERB
ས་	གིས་	PART
ཁྱབ་པ་	ཁྱབ་པ་	VERB
།		PUNCT
འདི་	འདི་	DET
ཡིན་	ཡིན་	NO_POS
མེད་པ་	མེད་པ་	VERB
འི་	གི་	PART
ངང་	ངང་	NOUN
ལ་འོག་	ལ་འོག་	NO_POS
སྒོ་	སྒོ་	NOUN
གཞུ་	གཞུ་	NOUN
བརྡུངས་པ་	བརྡུངས་པ་	VERB
ལྟ་བུ་	ལྟ་བུ་	NOUN
བསྡམས་པ་	བསྡམས་པ་	NO_POS
ས་	གིས་	PART
བདེ་བ་	བདེ་བ་	VERB
སྐྱེ་	སྐྱེ་	NOUN
།		PUNCT
འོག་སྒོ་	འོག་སྒོ་	NO_POS
འབྱེད་	འབྱེད་	VERB
འཛུམ་	འཛུམ་	NO_POS
བྱས་པ་	བྱས་པ་	VERB
ས་	གིས་	PART
བསྲེ་	བསྲེ་	NO_POS
།		PUNCT
སྲོག་རྩ་	སྲོག་རྩ་	NO_POS
ན་	ནས་	PART
ཡ་	ཡ་	OTHER
ཙཎྜཱ་		NON_WORD
ལི་	ལི་	OTHER
ཏྲི་	ཏྲི་	NO_POS
ཤཱུལ་		NON_WORD
རྩེ་	རྩེ་	NOUN
གསུམ་པ་	གསུམ་པ་	NUM
ལྟ་	ལྟ་	OTHER
བསྒོམས་པ་	བསྒོམས་པ་	VERB
ས་	གིས་	PART
བདེ་བ་	བདེ་བ་	VERB
བསྐྱེད་	བསྐྱེད་	VERB
།		PUNCT
སྤྱོད་ལམ་	སྤྱོད་ལམ་	NOUN
ནི་	ནི་	NO_POS
།		PUNCT
ཡེངས་པ་	ཡེངས་པ་	VERB
མེད་པ་	མེད་པ་	VERB
འི་	གི་	PART
བདག་ཉིད་	བདག་ཉིད་	NOUN
ཀྱིས་	གིས་	PART
། །		PUNCT
འདོད་ཡོན་	འདོད་ཡོན་	NOUN
ལྔ་	ལྔ་	NUM
ལ་	ལ་	PART
ལོངས་སྤྱོད་པ་	ལོངས་སྤྱོད་པ་	NOUN
ས་	གིས་	PART
། །		PUNCT
མེ་ལོང་	མེ་ལོང་	NOUN
ལྟ་བུ་	ལྟ་བུ་	NOUN
འི་	གི་	PART
གཟུགས་བརྙན་	གཟུགས་བརྙན་	NOUN
ལ་	ལ་	PART
། །		PUNCT
ཐབས་	ཐབས་	NOUN
ནི་	ནི་	NO_POS
ཇི་ལྟ་		
སྣང་བ་	སྣང་བ་	VERB
ལྟ་	ལྟ་	OTHER
། །		PUNCT
མིག་	མིག་	NOUN
སོགས་	སོགས་	DET
ཡིད་	ཡིད་	NOUN
ཀྱི་	གི་	PART
རྣམ་ཤེས་	རྣམ་ཤེས་	NOUN
ལ་	ལ་	PART
། །		PUNCT
དཔེ་	དཔེ་	NOUN
ཡི་	གི་	PART
དངོས་པོ་	དངོས་པོ་	NOUN
རྣམ་པ་	རྣམ་པ་	NOUN
ར་	ལ་	PART
སྤང་	སྤང་	VERB
། །		PUNCT
ཅིག་	ཅིག་	PART
ཉིད་	ཉིད་	DET
ཐོག་མ་	ཐོག་མ་	NOUN
མེད་པ་	མེད་པ་	VERB
ཉིད་	ཉིད་	DET
། །		PUNCT
མཐའ་མེད་པ་	མཐའ་མེད་པ་	NO_POS
ཡང་	ཀྱང་	PART
རྣམ་པ་	རྣམ་པ་	NOUN
ར་	ལ་	PART
གནས་	གནས་	NOUN
། །		PUNCT
མཆོག་	མཆོག་	ADJ
གཅིག་	གཅིག་	NUM
གིས་	གིས་	PART
ནི་	ནི་	NO_POS
ཤེས་པ་	ཤེས་པ་	VERB
ར་	ལ་	PART
འགྱུར་	འགྱུར་	VERB
། །		PUNCT
གང་	གང་	NO_POS
ལ་	ལ་	ADP
འང་	ཀྱང་	PART
ལྕེ་	ལྕེ་	NOUN
ཡི་	གིས་	PART
མི་འགྱུར་བ་	མི་འགྱུར་བ་	NO_POS
འི་	གི་	PART
། །		PUNCT
དེ་རིང་	དེ་རིང་	ADV
ནཱ་	ནཱ་	NO_POS
རོ་	རོ་	NOUN
འི་	གི་	PART
གདམས་པ་	གདམས་པ་	VERB
ཡིན་	ཡིན་	NO_POS
། །		PUNCT
རོ་དྲུག་	རོ་དྲུག་	NO_POS
གཅིག་	གཅིག་	NUM
གི་	གི་	PART
དངོས་པོ་	དངོས་པོ་	NOUN
ལ་	ལ་	PART
། །		PUNCT
གཉིས་	གཉིས་	NUM
མེད་	མེད་	VERB
མཆོག་	མཆོག་	ADJ
གིས་	གིས་	PART
རྟོགས་པ་	རྟོགས་པ་	VERB
ར་	ལ་	PART
བྱ་	བྱ་	VERB
། །		PUNCT
མིག་	མིག་	NOUN
གི་	གི་	PART
རྣམ་	རྣམ་	NOUN
༼		PUNCT
		
བ་	པ་	PART
༽		PUNCT
ཤེས་རྟོགས་པ་	ཤེས་རྟོགས་པ་	OTHER
ན་	ལ་	PART
། །		PUNCT
གཉིས་	གཉིས་	NUM
མེད་	མེད་	VERB
ཡེ་ཤེས་	ཡེ་ཤེས་	NOUN
ངོ་མཚར་	ངོ་མཚར་	ADJ
ཆེ་	ཆེ་	VERB
། །		PUNCT
སྤྲོས་པ་	སྤྲོས་པ་	VERB
ཐམས་ཅད་	ཐམས་ཅད་	DET
རྣམ་	རྣམ་	NOUN
བྲལ་	བྲལ་	VERB
ཞིང་	ཅིང་	PART
། །		PUNCT
ནམ་མཁའ་	ནམ་མཁའ་	NOUN
ལྟ་བུ་	ལྟ་བུ་	NOUN
ར་	ལ་	PART
དྲི་མ་	དྲི་མ་	NOUN
མེད་	མེད་	VERB
། །		PUNCT
རྟོག་པ་	རྟོག་པ་	VERB
འི་	གི་	PART
དྲི་མ་	དྲི་མ་	NOUN
རྣམ་བཅད་པ་	རྣམ་བཅད་པ་	NO_POS
འི་	གི་	PART
། །		PUNCT
ཕྱག་རྒྱ་	ཕྱག་རྒྱ་	NOUN
ཆེན་པོ་	ཆེན་པོ་	ADJ
ཡིན་པ་	ཡིན་པ་	AUX
ར་	ལ་	PART
བསྟན་	བསྟན་	VERB
། །		PUNCT
སེམས་ཅན་	སེམས་ཅན་	NOUN
ཀུན་	ཀུན་	DET
གྱི་	གི་	PART
བསམ་པ་	བསམ་པ་	VERB
ནི་	ནི་	NO_POS
། །		PUNCT
ཤེས་རབ་	ཤེས་རབ་	NOUN
མ་ལ་	མ་ལ་	INTJ
རྣམ་པ་	རྣམ་པ་	NOUN
ར་	ལ་	PART
གནས་	གནས་	NOUN
། །		PUNCT
སྙིང་རྗེ་	སྙིང་རྗེ་	NOUN
པདྨ་	པདྨ་	NOUN
འི་	གི་	PART
མདའ་	མདའ་	NOUN
ཡི་	གིས་	PART
ནི་	ནི་	NO_POS
། །		PUNCT
བདེ་བ་	བདེ་བ་	VERB
ཆེན་པོ་	ཆེན་པོ་	ADJ
འི་	གི་	PART
འབེན་	འབེན་	NOUN
ལ་	ལ་	PART
འབིགས་	འབིགས་	NO_POS
། །		PUNCT
རྟོག་པ་	རྟོག་པ་	VERB
ཀུན་	ཀུན་	DET
ལ་	ལ་	ADP
ས་	གིས་	PART
ངེས་པ་		
གྲོལ་	གྲོལ་	VERB
། །		PUNCT
གཉིས་	གཉིས་	NUM
སུ་	ལ་	PART
མེད་	མེད་	VERB
ཅིང་	ཅིང་	PART
མཆོག་	མཆོག་	ADJ
ཏུ་	ལ་	PART
ཞི་	ཞི་	VERB
། །		PUNCT
མཁའ་མཉམ་	མཁའ་མཉམ་	OTHER
རྣམ་རྟོག་	རྣམ་རྟོག་	NOUN
ལ་	ལ་	ADP
ས་	གིས་	PART
གྲོལ་བ་	གྲོལ་བ་	VERB
། །		PUNCT
གཉིས་	གཉིས་	NUM
སུ་	ལ་	PART
མེད་པ་	མེད་པ་	VERB
ར་	ལ་	PART
བདེ་བ་	བདེ་བ་	VERB
ར་	ལ་	PART
སྤྱོད་	སྤྱོད་	VERB
། །		PUNCT
གཉིས་	གཉིས་	NUM
མེད་	མེད་	VERB
བཅུད་	བཅུད་	NOUN
ཀྱིས་	གིས་	PART
བསྡུས་པ་	བསྡུས་པ་	VERB
ཡི་	གི་	PART
། །		PUNCT
རྡོ་	རྡོ་	NOUN
དང་	དང་	NO_POS
ཤིང་	ཅིང་	PART
དང་	དང་	NO_POS
དེ་	སྟེ་	PART
ཡི་	གི་	PART
ས་	ས་	ADP
། །		PUNCT
ལྷ་	ལྷ་	NOUN
ཡི་	གི་	PART
རྣམ་པ་	རྣམ་པ་	NOUN
ར་	ལ་	PART
འགྱུར་བ་	འགྱུར་བ་	VERB
ནི་	ནི་	NO_POS
། །		PUNCT
བཟང་པོ་	བཟང་པོ་	ADJ
ཞལ་སྔ་	ཞལ་སྔ་	NOUN
ན་	ནས་	PART
ཀྱིས་	གིས་	PART
བསྟན་	བསྟན་	VERB
། །		PUNCT
བསམ་	བསམ་	NOUN
བྱ་	བྱ་	VERB
གཉིས་	གཉིས་	NUM
མེད་	མེད་	VERB
ངོ་མཚར་	ངོ་མཚར་	ADJ
ཆེ་	ཆེ་	VERB
། །		PUNCT
ཆོ་	ཆོ་	NOUN
ཐམས་ཅད་	ཐམས་ཅད་	DET
འདུས་པ་	འདུས་པ་	VERB
འི་	གི་	PART
ཚུལ་	ཚུལ་	NOUN
ལ་	ལ་	PART
གཉིས་	གཉིས་	NUM
ཏེ་	སྟེ་	PART
།		PUNCT
ཚོགས་	ཚོགས་	NOUN
དྲུག་	དྲུག་	NUM
འཁོར་བ་	འཁོར་བ་	NOUN
ར་	ལ་	PART
འདུ་	འདུ་	VERB
།		PUNCT
དྲུག་	དྲུག་	NUM
མྱ་ངན་	མྱ་ངན་	NOUN
ལ་	ལ་	ADP
ས་	གིས་	PART
འདས་པ་	འདས་པ་	VERB
ར་	ལ་	PART
འདུས་པ་	འདུས་པ་	VERB
འོ་	གོ་	PART
། །		PUNCT
ས་	ས་	ADP
ནོན་པ་	ནོན་པ་	VERB
འི་	གི་	PART
རིམ་པ་	རིམ་པ་	NOUN
ནི་	ནི་	NO_POS
།		PUNCT
འཆི་ཀ་	འཆི་ཀ་	NO_POS
འི་	གི་	PART
གདམས་པ་	གདམས་པ་	VERB
ས་	གིས་	PART
ཤེས་པ་	ཤེས་པ་	VERB
འོད་གསལ་	འོད་གསལ་	NOUN
དུ་	ལ་	PART
བསྐྱལ་བ་	བསྐྱལ་བ་	VERB
ས་	གིས་	PART
ས་བཅུ་	ས་བཅུ་	NO_POS
བཞི་	བཞི་	NUM
ནོན་	ནོན་	VERB
ནོ་	གོ་	PART
། །		PUNCT
ཏཻ་		NON_WORD
ལོ་པ་	ལོ་པ་	NO_POS
ས་	གིས་	PART
།		PUNCT
ནཱ་	ནཱ་	NO_POS
རོ་པ་	རོ་པ་	NOUN
ལ་	ལ་	PART
གདམས་པ་	གདམས་པ་	VERB
འོ་	གོ་	PART
།། །།		PUNCT
ནཱ་	ནཱ་	NO_POS
རོ་པ་	རོ་པ་	NOUN
ས་	གིས་	PART
ཉམས་	ཉམས་	NOUN
སུ་	ལ་	PART
བླངས་པ་	བླངས་པ་	VERB
ས་	གིས་	PART
རྟོགས་པ་	རྟོགས་པ་	VERB
འདི་ལྟར་	འདི་ལྟར་	NO_POS
སྐྱེ་	སྐྱེ་	VERB
ཏེ་	སྟེ་	PART
།		PUNCT
རང་བཞིན་	རང་བཞིན་	NOUN
ལ་	ལ་	PART
གསུམ་	གསུམ་	NUM
།		PUNCT
ངོ་བོ་	ངོ་བོ་	NOUN
དང་	དང་	NO_POS
།		PUNCT
དབྱེ་བ་	དབྱེ་བ་	VERB
དང་	དང་	NO_POS
།		PUNCT
ཁྱད་པར་	ཁྱད་པར་	NOUN
རྟེན་	རྟེན་	NOUN
དུ་	ལ་	PART
སྣང་བ་	སྣང་བ་	VERB
འོ་	གོ་	PART
། །		PUNCT
ངོ་བོ་	ངོ་བོ་	NOUN
ནི་	ནི་	NO_POS
།		PUNCT
བར་དོ་	བར་དོ་	NOUN
ར་	ལ་	PART
འོད་གསལ་	འོད་གསལ་	NOUN
ཆོས་སྐུ་	ཆོས་སྐུ་	NOUN
སངས་རྒྱས་	སངས་རྒྱས་	NOUN
ཉག་གཅིག་	ཉག་གཅིག་	NO_POS
གི་	གི་	PART
སྤྱོད་ཡུལ་	སྤྱོད་ཡུལ་	NOUN
ལོ་	གོ་	PART
། །		PUNCT
སྲིད་པ་	སྲིད་པ་	VERB
བར་དོ་	བར་དོ་	NOUN
ཡིད་	ཡིད་	NOUN
ཀྱི་	གི་	PART
ལུས་	ལུས་	NOUN
། །		PUNCT
སྤྲུལ་པ་	སྤྲུལ་པ་	VERB
འི་	གི་	PART
སྐུ་	སྐུ་	NOUN
འཇིག་རྟེན་	འཇིག་རྟེན་	NOUN
གྱི་	གི་	PART
ཁམས་	ཁམས་	NOUN
།		PUNCT
རིགས་	རིགས་	NOUN
མཐུན་	མཐུན་	VERB
ལྷ་མིན་	ལྷ་མིན་	NOUN
དག་པ་	དག་པ་	VERB
འི་	གི་	PART
སྤྱོད་ཡུལ་	སྤྱོད་ཡུལ་	NOUN
ལོ་	གོ་	PART
། །		PUNCT
དེ་ཉིད་	དེ་ཉིད་	NOUN
ལ་	ལ་	PART
གནས་	གནས་	NOUN
མེད་	མེད་	VERB
ཅིང་	ཅིང་	PART
ཐམས་ཅད་	ཐམས་ཅད་	DET
གསལ་	གསལ་	VERB
ལ་	ལ་	PART
ཅིར་	ཅིར་	NO_POS
ཡང་	ཀྱང་	PART
འཆར་	འཆར་	NO_POS
ཏེ་	སྟེ་	PART
།		PUNCT
ལུས་མེད་	ལུས་མེད་	NOUN
དབང་པོ་	དབང་པོ་	NOUN
ཕུགས་	ཕུགས་	VERB
ན་	ལ་	PART
གནས་	གནས་	NOUN
། །		PUNCT
རིང་	རིང་	NOUN
དུ་	ལ་	PART
རྒྱུ་	རྒྱུ་	NOUN
ཞིང་	ཅིང་	PART
གཅིག་པུ་	གཅིག་པུ་	ADJ
ར་	ལ་	PART
གནས་	གནས་	NOUN
། །		PUNCT
འདུལ་	འདུལ་	NO_POS
དཀའ་བ་	དཀའ་བ་	VERB
ཡི་	གི་	PART
སེམས་	སེམས་	NOUN
འདུལ་	འདུལ་	NO_POS
བྱེད་	བྱེད་	VERB
། །		PUNCT
དེ་	སྟེ་	PART
ནི་	ནི་	NO_POS
བྲམ་ཟེ་	བྲམ་ཟེ་	NOUN
ར་	ལ་	PART
ང་	ང་	OTHER
བཤད་	བཤད་	VERB
དོ་	གོ་	PART
། །		PUNCT
ཞེ་	ཅེས་	PART
གསུངས་	གསུངས་	VERB
སོ་	གོ་	PART
། །		PUNCT
དབྱེ་བ་	དབྱེ་བ་	VERB
ལ་	ལ་	PART
གཉིས་	གཉིས་	NUM
།		PUNCT
མ་	མ་	PART
དག་པ་	དག་པ་	VERB
འི་	གི་	PART
དེ་བཞིན་ཉིད་	དེ་བཞིན་ཉིད་	NOUN
ནི་	ནི་	NO_POS
།		PUNCT
འཁོར་འདས་	འཁོར་འདས་	NOUN
ཐམས་	ཐམས་	VERB
༼		PUNCT
		
ན་	ལ་	PART
༽		PUNCT
ཅད་		NON_WORD
བཅོས་མ་	བཅོས་མ་	NOUN
འི་	གི་	PART
རང་བཞིན་	རང་བཞིན་	NOUN
ཡིན་པ་	ཡིན་པ་	AUX
ས་	གིས་	PART
སྒྱུ་མ་	སྒྱུ་མ་	NOUN
།		PUNCT
རྣམ་པ་	རྣམ་པ་	NOUN
ར་	ལ་	PART
ཤེས་པ་	ཤེས་པ་	VERB
འི་	གི་	PART
རང་བཞིན་	རང་བཞིན་	NOUN
ཡིན་པ་	ཡིན་པ་	AUX
ས་	གིས་	PART
རྨི་ལམ་	རྨི་ལམ་	NOUN
།		PUNCT
རང་བཞིན་	རང་བཞིན་	NOUN
མ་གྲུབ་པ་	མ་གྲུབ་པ་	NO_POS
ས་	གིས་	PART
སྨིག་རྒྱུ་	སྨིག་རྒྱུ་	NOUN
།		PUNCT
མ་	མ་	PART
རྟོགས་པ་	རྟོགས་པ་	VERB
འི་	གི་	PART
སྒོ་	སྒོ་	NOUN
ནས་ཆུ་	ནས་ཆུ་	NO_POS
བུ་	བུ་	NOUN
རམ་	གམ་	PART
ན་བུན་	ན་བུན་	NOUN
ནོ་	གོ་	PART
། །		PUNCT
དག་པ་	དག་པ་	VERB
འི་	གི་	PART
དེ་བཞིན་ཉིད་	དེ་བཞིན་ཉིད་	NOUN
ནི་	ནི་	NO_POS
།		PUNCT
ཆོ་	ཆོ་	NOUN
ཐམས་ཅད་	ཐམས་ཅད་	DET
ནམ་མཁ་	ནམ་མཁའ་	NOUN
འི་	གི་	PART
དབྱིངས་	དབྱིངས་	NOUN
ལྟ་	ལྟ་	OTHER
མཐོང་བ་	མཐོང་བ་	VERB
འོ་	གོ་	PART
། །		PUNCT
ཁྱད་པར་	ཁྱད་པར་	NOUN
རྟེན་	རྟེན་	NOUN
དུ་	ལ་	PART
སྣང་བ་	སྣང་བ་	VERB
ནི་	ནི་	NO_POS
།		PUNCT
སྦྱོར་བ་	སྦྱོར་བ་	VERB
འི་	གི་	PART
རྣལ་འབྱོར་པ་	རྣལ་འབྱོར་པ་	NOUN
ས་	གིས་	PART
།		PUNCT
སྣང་བ་	སྣང་བ་	VERB
འི་	གི་	PART
རྣམ་པ་	རྣམ་པ་	NOUN
དྲི་མེད་	དྲི་མེད་	ADJ
ཉིད་	ཉིད་	DET
། །		PUNCT
ཡེ་ཤེས་	ཡེ་ཤེས་	NOUN
རང་	རང་	PRON
ལ་	ལ་	PART
སྐྱེ་བ་	སྐྱེ་བ་	VERB
ར་	ལ་	PART
འགྱུར་	འགྱུར་	VERB
། །		PUNCT
བསམ་	བསམ་	NOUN
གྱིས་	གིས་	PART
མི་	མི་	PART
ཁྱབ་	ཁྱབ་	VERB
མི་	མི་	PART
རྟོག་པ་	རྟོག་པ་	VERB
ས་	གིས་	PART
། །		PUNCT
སངས་རྒྱས་	སངས་རྒྱས་	NOUN
ཉིད་	ཉིད་	DET
ནི་	ནི་	NO_POS
ངེས་པ་		
ཐོབ་	ཐོབ་	VERB
། །		PUNCT
ཐབས་	ཐབས་	NOUN
ནི་	ནི་	NO_POS
།		PUNCT
སྒྱུ་ལུས་	སྒྱུ་ལུས་	NOUN
ཆུ་ཟླ་	ཆུ་ཟླ་	NOUN
བཞིན་	བཞིན་	NOUN
དུ་	ལ་	PART
བལྟ་	བལྟ་	VERB
། །		PUNCT
དྲན་	དྲན་	VERB
རིག་	རིག་	VERB
ན་བུན་	ན་བུན་	NOUN
བཞིན་	བཞིན་	NOUN
དུ་	ལ་	PART
བསླབ་	བསླབ་	VERB
། །		PUNCT
སྐྱེས་པ་	སྐྱེས་པ་	VERB
བུད་མེད་	བུད་མེད་	NOUN
ལ་	ལ་	PART
བརྟེན་	བརྟེན་	VERB
ན་	ནས་	PART
། །		PUNCT
གཟུགས་	གཟུགས་	NOUN
ལ་	ལ་	PART
བལྟས་་	བལྟས་པ་	VERB
ས་	གིས་	PART
བདེ་བ་	བདེ་བ་	VERB
སྐྱེ་	སྐྱེ་	NOUN
། །		PUNCT
ཆགས་པ་	ཆགས་པ་	VERB
འི་	གི་	PART
མིག་	མིག་	NOUN
གིས་	གིས་	PART
བལྟ་	བལྟ་	VERB
བྱ་	བྱ་	VERB
ཞིང་	ཅིང་	PART
། །		PUNCT
སེམས་	སེམས་	NOUN
ནི་	ནི་	NO_POS
གཟུགས་	གཟུགས་	NOUN
སྒྲ་	སྒྲ་	NOUN
ལ་	ལ་	PART
བལྟས་་	བལྟས་པ་	VERB
ས་	གིས་	PART
།		PUNCT
ལྷན་ཅིག་	ལྷན་ཅིག་	OTHER
སྐྱེས་པ་	སྐྱེས་པ་	VERB
འི་	གི་	PART
ཡེ་ཤེས་	ཡེ་ཤེས་	NOUN
སྐྱེ་	སྐྱེ་	NOUN
། །		PUNCT
དེ་ཉིད་	དེ་ཉིད་	NOUN
རྒྱུན་	རྒྱུན་	NOUN
དུ་	ལ་	PART
འཆར་	འཆར་	NO_POS
ལ་	ལ་	PART
བསླབ་	བསླབ་	VERB
། །		PUNCT
ཧཾ་		NON_WORD
ལས་རིམ་	ལས་རིམ་	OTHER
གྱིས་	གིས་	PART
སྐྲ་མཚམས་	སྐྲ་མཚམས་	NO_POS
ན་	ནས་	PART
། །		PUNCT
དབབ་	དབབ་	NO_POS
བཟློག་	བཟློག་	VERB
དབབ་པ་	དབབ་པ་	VERB
འི་	གི་	PART
རིམ་པ་	རིམ་པ་	NOUN
བཞིན་	བཞིན་	NOUN
། །		PUNCT
གྲངས་	གྲངས་	NOUN
ཁ་	ཁ་	PRON
བཅུ་	བཅུ་	NUM
སོགས་	སོགས་	DET
ཀྱིས་	གིས་	PART
བཟློག་	བཟློག་	VERB
ཅིང་	ཅིང་	PART
། །		PUNCT
གཤེགས་པ་	གཤེགས་པ་	VERB
ས་	གིས་	PART
རླུང་	རླུང་	NOUN
གིས་	གིས་	PART
ཁུ་བ་	ཁུ་བ་	NOUN
སོགས་	སོགས་	DET
། །		PUNCT
རྩ་སྦུབས་	རྩ་སྦུབས་	NO_POS
ཀུན་	ཀུན་	DET
ཏུ་	ལ་	PART
ངེས་པ་		
བསམ་	བསམ་	NOUN
། །		PUNCT
སྤྱོད་ལམ་	སྤྱོད་ལམ་	NOUN
ནི་	ནི་	NO_POS
།		PUNCT
འཁོར་བ་	འཁོར་བ་	NOUN
ཞེ་	ཅེས་	PART
བྱ་བ་	བྱ་བ་	VERB
ནི་	ནི་	NO_POS
འཛིན་པ་	འཛིན་པ་	VERB
འི་	གི་	PART
སེམས་	སེམས་	NOUN
སོ་	གོ་	PART
། །		PUNCT
མྱ་ངན་	མྱ་ངན་	NOUN
ལ་	ལ་	ADP
ས་	གིས་	PART
འདས་པ་	འདས་པ་	VERB
ཞེ་	ཅེས་	PART
བྱ་བ་	བྱ་བ་	VERB
ནི་	ནི་	NO_POS
དངོས་པོ་	དངོས་པོ་	NOUN
ལ་	ལ་	PART
སེམས་	སེམས་	NOUN
མངོན་པ་	མངོན་པ་	OTHER
མི་	མི་	PART
ཞེན་པ་	ཞེན་པ་	VERB
འོ་	གོ་	PART
། །		PUNCT
སློབ་དཔོན་	སློབ་དཔོན་	NOUN
མ་	མ་	PART
བྲལ་	བྲལ་	VERB
ཞེ་	ཅེས་	PART
བྱ་བ་	བྱ་བ་	VERB
ནི་	ནི་	NO_POS
སེམས་	སེམས་	NOUN
ཀྱི་	གི་	PART
ངོ་བོ་	ངོ་བོ་	NOUN
ཉིད་	ཉིད་	DET
ཤེས་པ་	ཤེས་པ་	VERB
འོ་	གོ་	PART
། །		PUNCT
དད་པ་	དད་པ་	VERB
ཅན་	ཅན་	PART
ཞེ་	ཅེས་	PART
བྱ་བ་	བྱ་བ་	VERB
ནི་	ནི་	NO_POS
དེ་	སྟེ་	PART
དང་	དང་	NO_POS
མ་	མ་	PART
བྲལ་བ་	བྲལ་བ་	VERB
འོ་	གོ་	PART
། །		PUNCT
སངས་རྒྱས་	སངས་རྒྱས་	NOUN
དང་	དང་	NO_POS
མཉམ་	མཉམ་	VERB
ཞེ་	ཅེས་	PART
བྱ་བ་	བྱ་བ་	VERB
ནི་	ནི་	NO_POS
འཁོར་འདས་	འཁོར་འདས་	NOUN
མཉམ་པ་	མཉམ་པ་	VERB
འི་	གི་	PART
དོན་	དོན་	NOUN
རྟོགས་པ་	རྟོགས་པ་	VERB
འོ་	གོ་	PART
། །		PUNCT
ཐམས་ཅད་	ཐམས་ཅད་	DET
འདུས་པ་	འདུས་པ་	VERB
འི་	གི་	PART
ཚུལ་	ཚུལ་	NOUN
ནི་	ནི་	NO_POS
།		PUNCT
འོད་གསལ་བ་	འོད་གསལ་བ་	NO_POS
འི་	གི་	PART
ཡེ་ཤེས་	ཡེ་ཤེས་	NOUN
ཆོས་སྐུ་	ཆོས་སྐུ་	NOUN
མྱ་ངན་	མྱ་ངན་	NOUN
ལ་	ལ་	ADP
ས་	གིས་	PART
འདས་པ་	འདས་པ་	VERB
།		PUNCT
སྐུ་གཉིས་	སྐུ་གཉིས་	NO_POS
འཁོར་བ་	འཁོར་བ་	NOUN
ར་	ལ་	PART
འདུས་པ་	འདུས་པ་	VERB
འོ་	གོ་	PART
། །		PUNCT
ས་	ས་	ADP
ནོན་པ་	ནོན་པ་	VERB
ནི་	ནི་	NO_POS
།		PUNCT
འཆི་ཀ་	འཆི་ཀ་	NO_POS
མ་	མ་	PART
ཡི་	གི་	PART
དབང་	དབང་	NOUN
བྱ་	བྱ་	VERB
ན་	ལ་	PART
།		PUNCT
འབྱུང་བ་	འབྱུང་བ་	VERB
རིམ་གྱིས་	རིམ་གྱིས་	NO_POS
༼		PUNCT
		
བ་	པ་	PART
༽		PUNCT
འགགས་པ་	འགགས་པ་	VERB
ནི་	ནི་	NO_POS
།		PUNCT
ཀུན་རྫོབ་	ཀུན་རྫོབ་	NOUN
སྤྲུལ་སྐུ་	སྤྲུལ་སྐུ་	NOUN
འི་	གི་	PART
རྒྱུ་	རྒྱུ་	NOUN
ཧཾ་		NON_WORD
གི་	གི་	PART
ཐིག་ལེ་	ཐིག་ལེ་	NOUN
མི་	མི་	PART
ཤིགས་པ་	ཤིགས་པ་	NON_WORD
དང་	དང་	NO_POS
།		PUNCT
དོན་དམ་པ་	དོན་དམ་པ་	NOUN
འབྲས་བུ་	འབྲས་བུ་	NOUN
ལོངས་སྐུ་	ལོངས་སྐུ་	NOUN
།		PUNCT
བར་དོ་	བར་དོ་	NOUN
འོད་གསལ་	འོད་གསལ་	NOUN
ཆོས་སྐུ་	ཆོས་སྐུ་	NOUN
ད་ལྟ་	ད་ལྟ་	OTHER
བ་	བ་	ADP
སྟོང་	སྟོང་	NUM
འགྱུར་	འགྱུར་	VERB
གྱིས་	གིས་	PART
གསལ་བ་	གསལ་བ་	VERB
འབྱུང་	འབྱུང་	VERB
།		PUNCT
ཟུང་འཇུག་	ཟུང་འཇུག་	NOUN
གི་	གི་	PART
སྐུ་	སྐུ་	NOUN
།		PUNCT
སྐུ་བཞི་	སྐུ་བཞི་	OTHER
རྒྱུན་	རྒྱུན་	NOUN
མི་	མི་	PART
འཆད་	འཆད་	VERB
དུ་	ལ་	PART
སྲེ་	སྲེ་	NO_POS
ཤེ་	ཤེ་	VERB
ན་	ལ་	PART
ས་བཅུ་	ས་བཅུ་	NO_POS
བཞི་	བཞི་	NUM
ནོན་	ནོན་	VERB
། །		PUNCT
སློབ་དཔོན་	སློབ་དཔོན་	NOUN
ཆེན་པོ་	ཆེན་པོ་	ADJ
ནཱ་	ནཱ་	NO_POS
རོ་པ་	རོ་པ་	NOUN
ས་	གིས་	PART
།		PUNCT
མར་པ་	མར་པ་	PROPN
ལ་	ལ་	PART
གདམས་	གདམས་	NOUN
སོ་	གོ་	PART
། །		PUNCT
མར་པ་	མར་པ་	PROPN
ས་	གིས་	PART
མི་ལ་	མི་ལ་	PROPN
ལ་	ལ་	PART
གདམས་	གདམས་	NOUN
སོ་	གོ་	PART
། །		PUNCT
བླ་མ་	བླ་མ་	NOUN
མི་ལ་	མི་ལ་	PROPN
ས་	གིས་	PART
ཉམས་	ཉམས་	NOUN
སུ་	ལ་	PART
བླངས་	བླངས་	VERB
དུས་	དུས་	NOUN
སུ་	ལ་	PART
ཅིག་ཅར་	ཅིག་ཅར་	ADV
དུ་	ལ་	PART
འཇུག་པ་	འཇུག་པ་	VERB
ལ་	ལ་	PART
བསམ་	བསམ་	NOUN
གྱིས་	གིས་	PART
མི་	མི་	PART
ཁྱབ་	ཁྱབ་	VERB
ལྔ་	ལྔ་	NUM
ར་	ལ་	PART
རྟོགས་	རྟོགས་	VERB
ཏེ་	སྟེ་	PART
།		PUNCT
རང་བཞིན་	རང་བཞིན་	NOUN
བསམ་	བསམ་	NOUN
གྱིས་	གིས་	PART
མི་	མི་	PART
ཁྱབ་པ་	ཁྱབ་པ་	VERB
གསུམ་	གསུམ་	NUM
སྟེ་	སྟེ་	PART
།		PUNCT
ངོ་བོ་	ངོ་བོ་	NOUN
དང་	དང་	NO_POS
།		PUNCT
དབྱེ་བ་	དབྱེ་བ་	VERB
དང་	དང་	NO_POS
།		PUNCT
ཁྱད་པར་	ཁྱད་པར་	NOUN
རྟེན་	རྟེན་	NOUN
དུ་	ལ་	PART
སྣང་བ་	སྣང་བ་	VERB
འོ་	གོ་	PART
། །		PUNCT
ངོ་བོ་	ངོ་བོ་	NOUN
ནི་	ནི་	NO_POS
།		PUNCT
དང་པོ་	དང་པོ་	ADJ
གཞི་མ་	གཞི་མ་	OTHER
རིག་པ་	རིག་པ་	VERB
རྩ་བ་	རྩ་བ་	NOUN
དང་	དང་	NO_POS
བྲལ་བ་	བྲལ་བ་	VERB
འི་	གི་	PART
སྟོང་པ་	སྟོང་པ་	VERB
སྟེ་	སྟེ་	PART
།		PUNCT
ཡེ་ནས་	ཡེ་ནས་	NO_POS
རྒྱུ་	རྒྱུ་	NOUN
དྲི་མ་	དྲི་མ་	NOUN
མེད་པ་	མེད་པ་	VERB
ར་	ལ་	PART
གནས་	གནས་	NOUN
།		PUNCT
ལམ་	གམ་	PART
དྲི་མ་	དྲི་མ་	NOUN
མེད་པ་	མེད་པ་	VERB
ར་	ལ་	PART
རྟོགས་	རྟོགས་	VERB
།		PUNCT
འབྲས་བུ་	འབྲས་བུ་	NOUN
དྲི་མ་	དྲི་མ་	NOUN
མེད་པ་	མེད་པ་	VERB
ར་	ལ་	PART
འཆར་བ་	འཆར་བ་	VERB
ས་	གིས་	PART
གཉུག་	གཉུག་	NO_POS
མ་མ་	མ་མ་	NOUN
བཅོས་པ་	བཅོས་པ་	VERB
འི་	གི་	PART
ཡེ་ཤེས་	ཡེ་ཤེས་	NOUN
དེ་	སྟེ་	PART
།		PUNCT
སངས་རྒྱས་	སངས་རྒྱས་	NOUN
དང་སེམས་	དང་སེམས་	NO_POS
ཅན་	ཅན་	PART
རྒྱུ་	རྒྱུ་	NOUN
གཅིག་	གཅིག་	NUM
ཏུ་	ལ་	PART
རྟོགས་པ་	རྟོགས་པ་	VERB
ས་	གིས་	PART
འཁོར་འདས་	འཁོར་འདས་	NOUN
དབྱེ་	དབྱེ་	VERB
ར་	ལ་	PART
མེད་པ་	མེད་པ་	VERB
ར་	ལ་	PART
བསྟན་	བསྟན་	VERB
ནོ་	གོ་	PART
། །		PUNCT
དཔེར་ན་	དཔེར་ན་	NO_POS
ཏིལ་	ཏིལ་	NOUN
དང་	དང་	NO_POS
ཏིལ་མར་	ཏིལ་མར་	NO_POS
རམ་	གམ་	PART
།		PUNCT
ཆུ་	ཆུ་	NOUN
དང་	དང་	NO_POS
ཆབ་	ཆབ་	NOUN
བཞིན་	བཞིན་	NOUN
ནོ་	གོ་	PART
། །		PUNCT
དབྱེ་བ་	དབྱེ་བ་	VERB
ལ་	ལ་	PART
གཉིས་	གཉིས་	NUM
ཏེ་	སྟེ་	PART
།		PUNCT
རེ་བ་	རེ་བ་	VERB
དང་	དང་	NO_POS
དྭོགས་པ་	དྭོགས་པ་	NON_WORD
།		PUNCT
དེ་	སྟེ་	PART
གཉིས་	གཉིས་	NUM
བྱུང་	བྱུང་	VERB
ན་	ལ་	PART
ལྟ་བ་	ལྟ་བ་	VERB
མ་	མ་	PART
རྟོགས་པ་	རྟོགས་པ་	VERB
འི་	གི་	PART
སྐྱོན་	སྐྱོན་	NOUN
ཡིན་པ་	ཡིན་པ་	AUX
ས་	གིས་	PART
ཐོས་པ་	ཐོས་པ་	VERB
ལ་	ལ་	PART
ནན་ཏན་	ནན་ཏན་	NOUN
བསྐྱེད་	བསྐྱེད་	VERB
།		PUNCT
བསྒོམ་	བསྒོམ་	VERB
བྱ་	བྱ་	VERB
དང་	དང་	NO_POS
།		PUNCT
སྒོམ་	སྒོམ་	VERB
བྱེད་	བྱེད་	VERB
གཉིས་	གཉིས་	NUM
བྱུང་	བྱུང་	VERB
ན་	ལ་	PART
སེམས་	སེམས་	NOUN
རྩེ་གཅིག་	རྩེ་གཅིག་	ADJ
ཏུ་	ལ་	PART
མ་	མ་	PART
བྱས་པ་	བྱས་པ་	VERB
འི་	གི་	PART
སྐྱོན་	སྐྱོན་	NOUN
ཡིན་པ་	ཡིན་པ་	AUX
ས་	གིས་	PART
།		PUNCT
སྒོམ་	སྒོམ་	VERB
ཡུན་	ཡུན་	NOUN
བསྲིང་	བསྲིང་	NO_POS
ཞིང་	ཅིང་	PART
ཞེན་	ཞེན་	VERB
མེད་	མེད་	VERB
ལ་	ལ་	PART
ནན་ཏན་	ནན་ཏན་	NOUN
བསྐྱེད་	བསྐྱེད་	VERB
།		PUNCT
བླང་	བླང་	NO_POS
བྱ་	བྱ་	VERB
དང་	དང་	NO_POS
དོར་	དོར་	VERB
བྱ་	བྱ་	VERB
གཉིས་	གཉིས་	NUM
བྱུང་	བྱུང་	VERB
ན་	ལ་	PART
འཁོར་བ་	འཁོར་བ་	NOUN
ཉིད་	ཉིད་	DET
ཞི་བ་	ཞི་བ་	VERB
ར་	ལ་	PART
མ་	མ་	PART
རྟོགས་པ་	རྟོགས་པ་	VERB
འི་	གི་	PART
སྐྱོན་	སྐྱོན་	NOUN
ཡིན་པ་	ཡིན་པ་	AUX
ས་	གིས་	PART
།		PUNCT
རྟོགས་པ་	རྟོགས་པ་	VERB
བསྐྱེད་པ་	བསྐྱེད་པ་	VERB
ལ་	ལ་	PART
གཉིས་	གཉིས་	NUM
མེད་	མེད་	VERB
ལ་	ལ་	PART
ནན་ཏན་	ནན་ཏན་	NOUN
བསྐྱེད་	བསྐྱེད་	VERB
།		PUNCT
ཉེ་དུ་	ཉེ་དུ་	NOUN
ལ་	ལ་	PART
ཆགས་	ཆགས་	VERB
ན་	ལ་	PART
འདོད་ཡོན་	འདོད་ཡོན་	NOUN
ལམ་	གམ་	PART
དུ་	ལ་	PART
འཁྱེར་	འཁྱེར་	NO_POS
མ་	མ་	PART
ཤེས་པ་	ཤེས་པ་	VERB
འི་	གི་	PART
སྐྱོན་	སྐྱོན་	NOUN
ཡིན་པ་	ཡིན་པ་	AUX
ས་	གིས་	PART
།		PUNCT
ཐབས་	ཐབས་	NOUN
ཀྱིས་	གིས་	PART
གྲོག་	གྲོག་	NOUN
ལ་	ལ་	PART
ཞེ་	ཞེ་	PART
མི་	མི་	PART
སྡང་བ་	སྡང་བ་	VERB
ར་	ལ་	PART
བྱ་	བྱ་	VERB
།		PUNCT
ཁྱད་པར་	ཁྱད་པར་	NOUN
དུ་	ལ་	PART
རྟེན་	རྟེན་	NOUN
སྣང་བ་	སྣང་བ་	VERB
ལ་	ལ་	PART
འཇིག་རྟེན་	འཇིག་རྟེན་	NOUN
ཆོ་	ཆོ་	NOUN
བརྒྱད་	བརྒྱད་	NUM
ལ་	ལ་	ADP
ས་	གིས་	PART
བཟློག་	བཟློག་	VERB
ལ་	ལ་	PART
དངོས་པོ་	དངོས་པོ་	NOUN
ལ་	ལ་	PART
ཡང་	ཀྱང་	PART
བདག་	བདག་	PRON
ཏུ་	ལ་	PART
འཛིན་པ་	འཛིན་པ་	VERB
ར་	ལ་	PART
མི་	མི་	PART
བྱ་བ་	བྱ་བ་	VERB
ར་	ལ་	PART
།		PUNCT
སྐུ་གསུམ་	སྐུ་གསུམ་	OTHER
དང་	དང་	NO_POS
རྒྱུན་	རྒྱུན་	NOUN
མི་	མི་	PART
འཆད་	འཆད་	VERB
༼		PUNCT
		
ན་	ལ་	PART
༽		PUNCT
དུ་མ་	དུ་མ་	ADJ
བྲལ་བ་	བྲལ་བ་	VERB
ར་	ལ་	PART
བྱ་	བྱ་	VERB
འོ་	གོ་	PART
། །		PUNCT
ཐབས་	ཐབས་	NOUN
བསམ་	བསམ་	NOUN
གྱིས་	གིས་	PART
མི་	མི་	PART
ཁྱབ་པ་	ཁྱབ་པ་	VERB
ལ་	ལ་	PART
གཉིས་	གཉིས་	NUM
ཏེ་	སྟེ་	PART
།		PUNCT
ཡིད་	ཡིད་	NOUN
ལ་	ལ་	PART
གང་ཡང་	གང་ཡང་	NO_POS
མ་	མ་	PART
བྱས་པ་	བྱས་པ་	VERB
ས་	གིས་	PART
བཞག་	བཞག་	VERB
ས་	ས་	ADP
ར་	ལ་	PART
མ་	མ་	PART
ལྟེངས་པ་	ལྟེངས་པ་	NO_POS
།		PUNCT
བཏང་	བཏང་	VERB
ས་	ས་	ADP
ར་	ལ་	PART
མ་	མ་	PART
འབྱམས་པ་	འབྱམས་པ་	NO_POS
།		PUNCT
བཏང་སྙོམས་	བཏང་སྙོམས་	NOUN
ཀྱི་	གི་	PART
རྟོག་པ་	རྟོག་པ་	VERB
ལས་ལོག་	ལས་ལོག་	NO_POS
ན་	ནས་	PART
།		PUNCT
སྒོམ་པ་	སྒོམ་པ་	VERB
གཡེར་	གཡེར་	NO_POS
ཐོན་པ་	ཐོན་པ་	VERB
།		PUNCT
མི་	མི་	PART
རྟོག་པ་	རྟོག་པ་	VERB
འི་	གི་	PART
གཟུང་འཛིན་	གཟུང་འཛིན་	NOUN
དང་	དང་	NO_POS
བྲལ་བ་	བྲལ་བ་	VERB
འི་	གི་	PART
བསྒོམ་པ་	བསྒོམ་པ་	VERB
སྟེ་	སྟེ་	PART
།		PUNCT
རྒྱུན་	རྒྱུན་	NOUN
ཆད་	ཆད་	VERB
མེད་པ་	མེད་པ་	VERB
ར་	ལ་	PART
འགྲོ་	འགྲོ་	VERB
འཆག་	འཆག་	VERB
ཉལ་	ཉལ་	NO_POS
འདུག་	འདུག་	VERB
སྤྱོད་ལམ་	སྤྱོད་ལམ་	NOUN
རྣམ་	རྣམ་	NOUN
བཞི་	བཞི་	NUM
ཡེངས་པ་	ཡེངས་པ་	VERB
མེད་པ་	མེད་པ་	VERB
ར་	ལ་	PART
ནང་	ནང་	NOUN
ན་	ནས་	PART
འཆར་	འཆར་	NO_POS
ཏེ་	སྟེ་	PART
།		PUNCT
དངོས་པོ་	དངོས་པོ་	NOUN
བསྒོམ་	བསྒོམ་	VERB
དུ་	ལ་	PART
མེད་	མེད་	VERB
ཀྱང་	ཀྱང་	PART
དོན་	དོན་	NOUN
ལ་	ལ་	PART
ཡེངས་	ཡེངས་	NO_POS
སུ་	ལ་	PART
སྐད་ཅིག་	སྐད་ཅིག་	OTHER
ཀྱང་	ཀྱང་	PART
མེད་	མེད་	VERB
དོ་	གོ་	PART
། །		PUNCT
ཤེས་པ་	ཤེས་པ་	VERB
ཕྱི་	ཕྱི་	OTHER
མི་	མི་	PART
སྤྲོ་	སྤྲོ་	NO_POS
ནང་	ནང་	NOUN
དུ་	ལ་	PART
མི་	མི་	PART
བསྡུ་བ་	བསྡུ་བ་	VERB
ར་	ལ་	PART
རང་	རང་	PRON
དྭངས་	དྭངས་	NO_POS
གཏད་མེད་	གཏད་མེད་	NO_POS
དུ་	ལ་	PART
རང་ལུགས་	རང་ལུགས་	NOUN
བཅས་བཅོས་	བཅས་བཅོས་	NOUN
མི་	མི་	PART
བྱ་བ་	བྱ་བ་	VERB
ར་	ལ་	PART
རང་	རང་	PRON
ཐད་	ཐད་	NOUN
དུ་	ལ་	PART
བཞག་	བཞག་	VERB
གོ་	གོ་	PART
།		PUNCT
དེ་	སྟེ་	PART
ལ་	ལ་	PART
ཉམས་	ཉམས་	NOUN
རྣམ་པ་	རྣམ་པ་	NOUN
བཞི་	བཞི་	NUM
འབྱུང་	འབྱུང་	VERB
སྟེ་	སྟེ་	PART
།		PUNCT
སྣང་བ་	སྣང་བ་	VERB
ནི་	ནི་	NO_POS
ཡོད་	ཡོད་	VERB
ལ་	ལ་	PART
དངོས་པོ་	དངོས་པོ་	NOUN
ར་	ལ་	PART
རྟོག་པ་	རྟོག་པ་	VERB
མེད་པ་	མེད་པ་	VERB
འི་	གི་	PART
ཉམས་	ཉམས་	NOUN
དང་	དང་	NO_POS
།		PUNCT
ཏིང་ངེ་འཛིན་	ཏིང་ངེ་འཛིན་	NOUN
གསལ་བ་	གསལ་བ་	VERB
ནི་	ནི་	NO_POS
ཡོད་	ཡོད་	VERB
ལ་	ལ་	PART
གཟུང་འཛིན་	གཟུང་འཛིན་	NOUN
གཉིས་	གཉིས་	NUM
མེད་པ་	མེད་པ་	VERB
འི་	གི་	PART
ཉམས་	ཉམས་	NOUN
དང་	དང་	NO_POS
།		PUNCT
སྒོ་	སྒོ་	NOUN
ལྔ་	ལྔ་	NUM
གློ་བུ་	གློ་བུ་	OTHER
དུ་	ལ་	PART
ཤེས་པ་	ཤེས་པ་	VERB
ཡོད་	ཡོད་	VERB
ལ་	ལ་	PART
གསལ་	གསལ་	VERB
ལ་	ལ་	PART
ཞེན་པ་	ཞེན་པ་	VERB
མེད་པ་	མེད་པ་	VERB
ས་	གིས་	PART
།		PUNCT
ཡིད་གཉིས་	ཡིད་གཉིས་	NO_POS
ཀྱང་	ཀྱང་	PART
མི་འགྱུར་བ་	མི་འགྱུར་བ་	NO_POS
འི་	གི་	PART
ཉམས་	ཉམས་	NOUN
དང་	དང་	NO_POS
།		PUNCT
རིག་པ་	རིག་པ་	VERB
ནི་	ནི་	NO_POS
གསལ་	གསལ་	VERB
ལ་	ལ་	PART
འཕོ་འགྱུར་	འཕོ་འགྱུར་	NOUN
མེད་པ་	མེད་པ་	VERB
ས་	གིས་	PART
འགྲོ་འོང་	འགྲོ་འོང་	NOUN
མེད་པ་	མེད་པ་	VERB
འི་	གི་	PART
ཉམས་	ཉམས་	NOUN
བསྒོམས་	བསྒོམས་	VERB
ན་	ལ་	PART
རང་ཤུགས་	རང་ཤུགས་	OTHER
ཀྱིས་	གིས་	PART
འབྱུང་	འབྱུང་	VERB
ངོ་	གོ་	PART
། །		PUNCT
སྤྱོད་ལམ་	སྤྱོད་ལམ་	NOUN
བསམ་	བསམ་	NOUN
གྱིས་	གིས་	PART
མི་	མི་	PART
ཁྱབ་པ་	ཁྱབ་པ་	VERB
ནི་	ནི་	NO_POS
།		PUNCT
ཉོན་མོངས་པ་	ཉོན་མོངས་པ་	NOUN
ཐོག་	ཐོག་	NOUN
བརྫིས་	བརྫིས་	NO_POS
ཞེན་	ཞེན་	VERB
མེད་	མེད་	VERB
དུ་	ལ་	PART
བྱ་བ་	བྱ་བ་	VERB
ལ་	ལ་	PART
བདུན་	བདུན་	NUM
ཏེ་	སྟེ་	PART
།		PUNCT
རང་སེམས་	རང་སེམས་	NOUN
སངས་རྒྱས་	སངས་རྒྱས་	NOUN
སུ་	ལ་	PART
རྟོགས་	རྟོགས་	VERB
ཀྱང་	ཀྱང་	PART
རྡོ་རྗེ་	རྡོ་རྗེ་	NOUN
སློབ་དཔོན་	སློབ་དཔོན་	NOUN
མི་	མི་	PART
སྤང་	སྤང་	VERB
།		PUNCT
སྣང་བ་	སྣང་བ་	VERB
སེམས་	སེམས་	NOUN
སུ་	ལ་	PART
རྟོགས་	རྟོགས་	VERB
ཀྱང་	ཀྱང་	PART
འདུས་བྱས་	འདུས་བྱས་	NOUN
ཀྱི་	གི་	PART
དགེ་བ་	དགེ་བ་	VERB
འི་	གི་	PART
རྩ་བ་	རྩ་བ་	NOUN
རྒྱུན་	རྒྱུན་	NOUN
མི་	མི་	PART
གཅོད་	གཅོད་	NO_POS
།		PUNCT
འཁོར་བ་	འཁོར་བ་	NOUN
ལ་	ལ་	PART
དོགས་པ་	དོགས་པ་	VERB
མེད་	མེད་	VERB
ཀྱང་	ཀྱང་	PART
སྡིག་པ་	སྡིག་པ་	VERB
ཕྲ་མོ་	ཕྲ་མོ་	ADJ
ཙམ་	ཙམ་	DET
ལ་	ལ་	PART
ཡང་	ཀྱང་	PART
འཛེམ་པ་	འཛེམ་པ་	VERB
ར་	ལ་	PART
བྱ་	བྱ་	VERB
།		PUNCT
འབྲས་བུ་	འབྲས་བུ་	NOUN
ཆོས་སྐུ་	ཆོས་སྐུ་	NOUN
ལ་	ལ་	PART
རེ་བ་	རེ་བ་	VERB
མེད་	མེད་	VERB
ཀྱང་	ཀྱང་	PART
སེམས་ཅན་	སེམས་ཅན་	NOUN
ལ་མོ་	ལ་མོ་	OTHER
ས་པ་	ས་པ་	PART
ཐ་དད་པ་	ཐ་དད་པ་	ADJ
ས་	གིས་	PART
ཆོ་	ཆོ་	NOUN
གང་	གང་	NO_POS
ལ་	ལ་	PART
ཡང་	ཀྱང་	PART
སྒྲོ་སྐུར་	སྒྲོ་སྐུར་	NOUN
མི་	མི་	PART
གདབ་	གདབ་	NO_POS
།		PUNCT
རང་	རང་	PRON
ལ་	ལ་	PART
ཏིང་ངེ་འཛིན་	ཏིང་ངེ་འཛིན་	NOUN
འབྱུང་བ་	འབྱུང་བ་	VERB
བཞི་	བཞི་	NUM
ས་	གིས་	PART
མི་	མི་	PART
གནོད་པ་	གནོད་པ་	VERB
ཡོད་	ཡོད་	VERB
ཀྱང་	ཀྱང་	PART
ཆེ་བ་	ཆེ་བ་	VERB
འི་	གི་	PART
ང་རྒྱལ་	ང་རྒྱལ་	NOUN
མི་	མི་	PART
བྱ་	བྱ་	VERB
།		PUNCT
འཁོར་འདས་	འཁོར་འདས་	NOUN
དབྱེ་	དབྱེ་	VERB
ར་	ལ་	PART
མེད་	མེད་	VERB
དུ་	ལ་	PART
རྟོགས་	རྟོགས་	VERB
ཀྱང་	ཀྱང་	PART
རི་ཁྲོད་	རི་ཁྲོད་	NOUN
དགོན་པ་	དགོན་པ་	NOUN
མི་	མི་	PART
སྤང་	སྤང་	VERB
།		PUNCT
རང་གཞན་	རང་གཞན་	NOUN
ཐ་	ཐ་	NOUN
༼		PUNCT
		
བ་	པ་	PART
༽		PUNCT
མི་	མི་	PART
དད་	དད་	VERB
དུ་	ལ་	PART
རྟོགས་	རྟོགས་	VERB
ཀྱང་	ཀྱང་	PART
དམིགས་པ་	དམིགས་པ་	VERB
འི་	གི་	PART
སྙིང་རྗེ་	སྙིང་རྗེ་	NOUN
རྒྱུན་	རྒྱུན་	NOUN
མི་	མི་	PART
གཅོད་པ་	གཅོད་པ་	VERB
དང་	དང་	NO_POS
།		PUNCT
ཞེན་ཆགས་	ཞེན་ཆགས་	NOUN
མཁའ་	མཁའ་	NOUN
ལྟ་	ལྟ་	OTHER
དག་པ་	དག་པ་	VERB
འི་	གི་	PART
སྤྱོད་ལམ་	སྤྱོད་ལམ་	NOUN
མོ་	གོ་	PART
། །		PUNCT
ཆོ་	ཆོ་	NOUN
ཐམས་ཅད་	ཐམས་ཅད་	DET
འདུས་པ་	འདུས་པ་	VERB
འི་	གི་	PART
ཚུལ་	ཚུལ་	NOUN
ལ་	ལ་	PART
གཉིས་	གཉིས་	NUM
ཏེ་	སྟེ་	PART
།		PUNCT
སངས་རྒྱས་	སངས་རྒྱས་	NOUN
ལ་	ལ་	PART
རེ་	རེ་	DET
།		PUNCT
འཁོར་བ་	འཁོར་བ་	NOUN
ལ་	ལ་	PART
དོགས་	དོགས་	NO_POS
།		PUNCT
སྣང་བ་	སྣང་བ་	VERB
ལ་	ལ་	PART
ཆགས་	ཆགས་	VERB
།		PUNCT
རེ་	རེ་	DET
དྭོགས་		NON_WORD
གཟུང་འཛིན་	གཟུང་འཛིན་	NOUN
གཉིས་	གཉིས་	NUM
ཀྱིས་	གིས་	PART
བཅིངས་	བཅིངས་	VERB
བ་	བ་	ADP
གཟུང་འཛིན་	གཟུང་འཛིན་	NOUN
དུ་	ལ་	PART
འདུ་	འདུ་	VERB
སོ་	གོ་	PART
། །		PUNCT
ས་	ས་	ADP
ནོན་པ་	ནོན་པ་	VERB
འི་	གི་	PART
ལམ་	གམ་	PART
འབྲས་བུ་	འབྲས་བུ་	NOUN
དང་	དང་	NO_POS
བཅས་པ་	བཅས་པ་	VERB
ལ་	ལ་	PART
།		PUNCT
སེམས་	སེམས་	NOUN
ཀྱི་	གི་	PART
ངོ་བོ་	ངོ་བོ་	NOUN
གདོད་	གདོད་	NO_POS
ན་	ནས་	PART
དྲི་མེད་	དྲི་མེད་	ADJ
གནས་པ་	གནས་པ་	VERB
ལ་	ལ་	PART
།		PUNCT
སྐྱེ་བ་	སྐྱེ་བ་	VERB
མེད་པ་	མེད་པ་	VERB
ར་	ལ་	PART
རྟོགས་པ་	རྟོགས་པ་	VERB
ས་	གིས་	PART
ལམ་	གམ་	PART
དུ་	ལ་	PART
ཤར་བ་	ཤར་བ་	VERB
ཡིན་	ཡིན་	NO_POS
།		PUNCT
དེ་	སྟེ་	PART
རྟོགས་པ་	རྟོགས་པ་	VERB
བརྟན་པ་	བརྟན་པ་	VERB
ས་	གིས་	PART
ཡིད་	ཡིད་	NOUN
ཀྱི་	གི་	PART
གཡོ་བ་	གཡོ་བ་	VERB
ཐ་དད་	ཐ་དད་	ADJ
དུ་	ལ་	PART
འདུ་ཤེས་	འདུ་ཤེས་	NOUN
རྡུལ་	རྡུལ་	NOUN
ཙམ་	ཙམ་	DET
ཡང་	ཀྱང་	PART
མེད་པ་	མེད་པ་	VERB
སྐྱེ་	སྐྱེ་	NOUN
ན་	ལ་	PART
།		PUNCT
འབྲས་བུ་	འབྲས་བུ་	NOUN
དྲི་མ་	དྲི་མ་	NOUN
མེད་པ་	མེད་པ་	VERB
འཆར་བ་	འཆར་བ་	VERB
ས་	གིས་	PART
ན་	ལ་	PART
།		PUNCT
སྐུ་གསུམ་	སྐུ་གསུམ་	OTHER
རང་ཆས་	རང་ཆས་	NO_POS
གདོད་མ་	གདོད་མ་	OTHER
ཡེ་ནས་	ཡེ་ནས་	NO_POS
གནས་པ་	གནས་པ་	VERB
ཡིན་	ཡིན་	NO_POS
།		PUNCT
ཉི་མ་	ཉི་མ་	NOUN
འི་	གི་	PART
འོད་	འོད་	NOUN
ཀྱི་	གི་	PART
ཚུལ་བཞིན་	ཚུལ་བཞིན་	NOUN
ལོགས་	ལོགས་	NOUN
ན་	ལ་	PART
མེད་	མེད་	VERB
།		PUNCT
དཔེར་ན་	དཔེར་ན་	NO_POS
།		PUNCT
སྣང་བ་	སྣང་བ་	VERB
ཤར་བ་	ཤར་བ་	VERB
ས་	གིས་	PART
།		PUNCT
མུན་པ་	མུན་པ་	NOUN
འབྲོས་པ་	འབྲོས་པ་	VERB
བཞིན་	བཞིན་	NOUN
གཉིས་	གཉིས་	NUM
མེད་རྟོགས་པ་	མེད་རྟོགས་པ་	NO_POS
ས་	གིས་	PART
འཛིན་	འཛིན་	VERB
རྟོག་	རྟོག་	VERB
ལོག་པ་	ལོག་པ་	VERB
དང་	དང་	NO_POS
།		PUNCT
གཅིག་	གཅིག་	NUM
ཏུ་	ལ་	PART
རྟོགས་པ་	རྟོགས་པ་	VERB
ས་	གིས་	PART
རེ་	རེ་	DET
དྭོགས་		NON_WORD
ལོག་པ་	ལོག་པ་	VERB
དང་	དང་	NO_POS
།		PUNCT
མཉམ་ཉིད་	མཉམ་ཉིད་	NOUN
དུ་	ལ་	PART
རྟོགས་པ་	རྟོགས་པ་	VERB
ས་	གིས་	PART
དགག་སྒྲུབ་	དགག་སྒྲུབ་	OTHER
ལོག་པ་	ལོག་པ་	VERB
དང་	དང་	NO_POS
།		PUNCT
དེ་	སྟེ་	PART
དང་	དང་	NO_POS
གཞན་	གཞན་	DET
ན་	ནས་	PART
སྤང་	སྤང་	VERB
ཐོབ་ཅི་	ཐོབ་ཅི་	NO_POS
ཡང་	ཀྱང་	PART
མེད་	མེད་	VERB
། །		PUNCT
སེམས་	སེམས་	NOUN
ཀྱི་	གི་	PART
རང་བཞིན་	རང་བཞིན་	NOUN
ཡེ་ནས་	ཡེ་ནས་	NO_POS
དེ་ལྟ་	དེ་ལྟ་	NO_POS
གནས་	གནས་	NOUN
། །		PUNCT
ད་ལྟ་	ད་ལྟ་	OTHER
དེ་ལྟ་	དེ་ལྟ་	NO_POS
རྟོགས་པ་	རྟོགས་པ་	VERB
འི་	གི་	PART
རྒྱུ་	རྒྱུ་	NOUN
ཉིད་	ཉིད་	DET
ཀྱིས་	གིས་	PART
། །		PUNCT
བར་དོ་	བར་དོ་	NOUN
ལ་	ལ་	PART
ནི་	ནི་	NO_POS
བར་དོ་	བར་དོ་	NOUN
ར་	ལ་	PART
ཤེས་པ་	ཤེས་པ་	VERB
ར་	ལ་	PART
འགྱུར་	འགྱུར་	VERB
། །		PUNCT
དེ་ཉིད་	དེ་ཉིད་	NOUN
བར་དོ་	བར་དོ་	NOUN
ར་	ལ་	PART
ཤེས་པ་	ཤེས་པ་	VERB
བྱུང་	བྱུང་	VERB
ཙ་ན་	ཙ་ན་	NO_POS
། །		PUNCT
སྔ་	སྔ་	NOUN
གྱི་	གི་	PART
དགོངས་པ་	དགོངས་པ་	VERB
ནམ་མཁའ་	ནམ་མཁའ་	NOUN
ལྟ་བུ་	ལྟ་བུ་	NOUN
ར་	ལ་	PART
དྲན་	དྲན་	VERB
། །		PUNCT
དྲན་	དྲན་	VERB
ན་	ནས་	PART
ནམ་མཁ་	ནམ་མཁའ་	NOUN
འི་	གི་	PART
ངང་	ངང་	NOUN
དུ་	ལ་	PART
གནས་	གནས་	NOUN
ཙ་ན་	ཙ་ན་	NO_POS
། །		PUNCT
དུས་གསུམ་	དུས་གསུམ་	OTHER
རྒྱལ་བ་	རྒྱལ་བ་	NOUN
འི་	གི་	PART
དགོངས་པ་	དགོངས་པ་	VERB
དང་	དང་	NO_POS
ཕྲད་པ་	ཕྲད་པ་	VERB
ཡིན་	ཡིན་	NO_POS
།		PUNCT
རང་	རང་	PRON
གི་	གི་	PART
ཤེས་རབ་	ཤེས་རབ་	NOUN
ཀྱི་	གི་	PART
རྩལ་	རྩལ་	NOUN
གྱིས་	གིས་	PART
མ་	མ་	PART
ཆོད་	ཆོད་	VERB
ན་	ལ་	PART
།		PUNCT
མང་	མང་	VERB
དུ་	ལ་	PART
སྨྲས་པ་	སྨྲས་པ་	VERB
ས་	གིས་	PART
སླར་ཡང་	སླར་ཡང་	OTHER
ཚིག་	ཚིག་	NOUN
གིས་	གིས་	PART
བསྒྲིབས་	བསྒྲིབས་	NO_POS
།		PUNCT
ཤེ་	ཤེ་	VERB
གསུངས་	གསུངས་	VERB
སོ་	གོ་	PART
། །		PUNCT
ཕྱག་རྒྱ་	ཕྱག་རྒྱ་	NOUN
ཆེན་པོ་	ཆེན་པོ་	ADJ
བསམ་	བསམ་	NOUN
གྱིས་	གིས་	PART
མི་	མི་	PART
ཁྱབ་པ་	ཁྱབ་པ་	VERB
འི་	གི་	PART
སྒོམ་རིམ་	སྒོམ་རིམ་	PROPN
ཞེ་	ཅེས་	PART
བྱ་བ་	བྱ་བ་	VERB
ཤིན་ཏུ་	ཤིན་ཏུ་	NO_POS
ཟབ་བོ་	ཟབ་བོ་	VERB
།། །།		PUNCT
